,index_code,code,date,free_shares,close,total_shares,free_shares_pct,revised_free_shares_pct,revised_free_shares_value,weight
0,000905.SH,603486.SH,20190603,9547.304,42.57,40010,0.238622944,0.3,510967.71,0.1362766
1,000905.SH,002372.SZ,20190603,37953.5657,19.53,131092.749,0.289516895,0.3,768072.4164,0.2048471
2,000905.SH,002589.SZ,20190603,89642.7736,7.05,150471.0471,0.595747656,0.6,636492.5292,0.1697544
3,000905.SH,002273.SZ,20190603,64376.6476,11.3,86282.8913,0.746111386,0.8,779997.3374,0.2080275
4,000905.SH,600567.SH,20190603,305612.7277,3.38,458458.4837,0.666609385,0.7,1084712.772,0.289296
5,000905.SH,600167.SH,20190603,65865.9514,9.27,228811.9475,0.28786063,0.3,636326.026,0.16971
6,000905.SH,002573.SZ,20190603,58868.9455,7.64,108127.21,0.544441547,0.6,495655.1306,0.1321927
7,000905.SH,300418.SZ,20190603,52061.1227,12.98,115194.6216,0.451940568,0.5,747613.0942,0.1993906
8,000905.SH,000488.SZ,20190603,121385.8214,5.39,290460.82,0.417907728,0.5,782791.9099,0.2087729
9,000905.SH,600804.SH,20190603,116893.7912,7.28,143245.6499,0.816037285,1,1042828.331,0.2781253
10,000905.SH,002506.SZ,20190603,182864.4568,6.44,506505.58,0.361031475,0.4,1304758.374,0.3479828
11,000905.SH,002821.SZ,20190603,12234.0796,85.9,23140.9962,0.528675581,0.6,1192686.944,0.3180931
12,000905.SH,000883.SZ,20190603,184519.3527,4.13,650744.9486,0.283550957,0.3,806272.9913,0.2150353
13,000905.SH,002092.SZ,20190603,143184.6936,7.8,214644.9598,0.667076896,0.7,1171961.481,0.3125655
14,000905.SH,600282.SH,20190603,250833.6008,3.36,442485.5457,0.566874112,0.6,892050.8601,0.2379125
15,000905.SH,600649.SH,20190603,112232.5642,6.76,252957.5634,0.443681393,0.5,854996.5643,0.2280301
16,000905.SH,000990.SZ,20190603,24034.0469,17.12,125301.1919,0.191810202,0.2,429031.2811,0.1144239
17,000905.SH,600058.SH,20190603,40130.5789,9.03,107191.0711,0.374383598,0.4,387174.1488,0.1032605
18,000905.SH,002152.SZ,20190603,111759.0318,6.55,240899.3951,0.463924086,0.5,788945.519,0.2104141
19,000905.SH,002019.SZ,20190603,68216.6051,11.41,120697.4577,0.56518676,0.6,826294.7954,0.2203752
20,000905.SH,600879.SH,20190603,192996.638,6.13,271927.1284,0.709736609,0.8,1333530.638,0.3556565
21,000905.SH,300316.SZ,20190603,55920.6141,12.44,128462.8254,0.435305809,0.5,799038.774,0.213106
22,000905.SH,002051.SZ,20190603,45112.56,11.24,123740.8937,0.364572767,0.4,556339.0581,0.1483772
23,000905.SH,000975.SZ,20190603,80439.5743,10.69,198337.3047,0.405569565,0.5,1060112.894,0.2827352
24,000905.SH,000718.SZ,20190603,133299.3626,3.4,303463.6384,0.439259752,0.5,515888.1853,0.1375889
25,000905.SH,600500.SH,20190603,93002.374,6.99,208301.2671,0.446480116,0.5,728012.9285,0.1941632
26,000905.SH,600460.SH,20190603,76722.0065,16.97,131206.1614,0.58474393,0.6,1335941.135,0.3562994
27,000905.SH,000761.SZ,20190603,111065.6969,4.43,387537.1532,0.286593675,0.3,515036.8766,0.1373618
28,000905.SH,600643.SH,20190603,81961.1936,9.05,162192.2452,0.505333615,0.6,880703.8914,0.2348863
29,000905.SH,600875.SH,20190603,102288.3605,10.12,309080.3431,0.330944244,0.4,1251157.229,0.3336873
30,000905.SH,300287.SZ,20190603,103227.7774,4.33,143527.3808,0.719220102,0.8,497178.8471,0.132599
31,000905.SH,600985.SH,20190603,18069.9052,11.35,217241.2235,0.083178988,0.09,221911.9098,0.0591845
32,000905.SH,002128.SZ,20190603,57273.193,8.41,163437.8473,0.35042797,0.4,549804.9183,0.1466346
33,000905.SH,600143.SH,20190603,188903.6875,4.73,271678.4786,0.695320765,0.7,899527.4426,0.2399066
34,000905.SH,600335.SH,20190603,36506.1996,6.77,145687.5351,0.250578744,0.3,295891.3838,0.0789151
35,000905.SH,603355.SH,20190603,6193.0051,20.64,40100,0.15443903,0.2,165532.8,0.0441481
36,000905.SH,600376.SH,20190603,124804.1621,8.87,257956.5242,0.483818591,0.5,1144037.185,0.305118
37,000905.SH,600478.SH,20190603,110039.8532,5.5,165328.1386,0.665584541,0.7,636513.3336,0.1697599
38,000905.SH,000758.SZ,20190603,130456.1594,5.81,196937.8424,0.662423015,0.7,800946.205,0.2136147
39,000905.SH,002221.SZ,20190603,99111.263,8.33,164978.2824,0.600753393,0.7,961988.3647,0.2565651
40,000905.SH,002195.SZ,20190603,318887.2764,4.96,443879.0572,0.718410277,0.8,1761312.099,0.469747
41,000905.SH,000717.SZ,20190603,113601.152,4.44,241952.441,0.46951852,0.5,537134.419,0.1432553
42,000905.SH,600755.SH,20190603,120099.7745,8.26,181627.6115,0.661241832,0.7,1050170.85,0.2800836
43,000905.SH,600486.SH,20190603,17973.1272,50.49,30989.8907,0.579967428,0.6,938807.7489,0.2503827
44,000905.SH,002635.SZ,20190603,27512.1682,13.4,69031.7321,0.398543791,0.4,370010.0841,0.0986828
45,000905.SH,002512.SZ,20190603,60023.5717,4.84,109538.6132,0.547967241,0.6,318100.1327,0.0848382
46,000905.SH,600017.SH,20190603,154068.5515,3.04,307565.3888,0.500929419,0.6,560999.2692,0.1496201
47,000905.SH,601969.SH,20190603,29338.7314,5.27,195472.0314,0.15009171,0.2,206027.5211,0.0549481
48,000905.SH,600521.SH,20190603,64619.1256,13.59,125083.8638,0.516606408,0.6,1019933.825,0.2720193
49,000905.SH,000623.SZ,20190603,85036.0544,16.18,116302.9269,0.731160055,0.8,1505425.086,0.4015012
50,000905.SH,600120.SH,20190603,37450.2233,16.6,87438.8093,0.428302073,0.5,725742.1172,0.1935575
51,000905.SH,600597.SH,20190603,59218.4943,10.15,122448.7509,0.483618607,0.5,621427.4108,0.1657365
52,000905.SH,603515.SH,20190603,12778.6546,32.79,75606.3755,0.169015569,0.2,495826.6105,0.1322384
53,000905.SH,600827.SH,20190603,67962.6281,9.31,178416.8117,0.380920539,0.4,664424.2068,0.1772039
54,000905.SH,603501.SH,20190603,14053.5394,42.6,45570.394,0.308391878,0.4,776519.5138,0.2071
55,000905.SH,000778.SZ,20190603,239577.6033,4.42,399088.0176,0.600312695,0.7,1234778.326,0.329319
56,000905.SH,600499.SH,20190603,99548.3288,4.52,157720.5702,0.631168963,0.7,499027.8841,0.1330922
57,000905.SH,002503.SZ,20190603,115265.8303,3.72,309250.5396,0.372726368,0.4,460164.8029,0.1227273
58,000905.SH,002075.SZ,20190603,120669.8996,9.1,220677.1772,0.5468164,0.6,1204897.388,0.3213496
59,000905.SH,000543.SZ,20190603,98287.7989,4.63,179039.5978,0.548972407,0.6,497372.0027,0.1326506
60,000905.SH,000598.SZ,20190603,172661.3108,4.43,298621.8602,0.578193809,0.6,793736.9044,0.2116919
61,000905.SH,002064.SZ,20190603,100203.29,4.93,167680,0.597586415,0.6,495997.44,0.132284
62,000905.SH,603868.SH,20190603,4360,36.62,43560,0.100091827,0.11,175468.392,0.0467979
63,000905.SH,603650.SH,20190603,5880,23.57,58598.75,0.100343437,0.11,151928.9791,0.0405199
64,000905.SH,601326.SH,20190603,103178.9311,3.47,558741.2,0.184663188,0.2,387766.3928,0.1034184
65,000905.SH,300115.SZ,20190603,53543.1043,10.41,90986.0262,0.588476127,0.6,568298.7196,0.1515669
66,000905.SH,600611.SH,20190603,109013.029,4.64,236412.2864,0.461114059,0.5,548476.5044,0.1462803
67,000905.SH,000970.SZ,20190603,81834.6728,12.25,106520,0.76825641,0.8,1043896,0.2784101
68,000905.SH,002358.SZ,20190603,45196.0384,10.39,92975.6977,0.486105934,0.5,483008.7496,0.1288198
69,000905.SH,000988.SZ,20190603,72696.7639,14.93,100550.2707,0.722989241,0.8,1200972.433,0.3203028
70,000905.SH,601127.SH,20190603,20550.9474,12.84,94138.4392,0.218305589,0.3,362621.2678,0.0967121
71,000905.SH,002399.SZ,20190603,27838.4925,20.23,124720.1704,0.223207621,0.3,756926.7142,0.2018745
72,000905.SH,000999.SZ,20190603,35582.5676,27.2,97890,0.36349543,0.4,1065043.2,0.2840501
73,000905.SH,002244.SZ,20190603,128041.3018,4.08,311144.389,0.411517309,0.5,634734.5536,0.1692855
74,000905.SH,600393.SH,20190603,90820.5552,4.27,253624.787,0.358090218,0.4,433191.1362,0.1155333
75,000905.SH,000060.SZ,20190603,241596.6172,4.73,356968.5327,0.67680088,0.7,1181922.812,0.3152222
76,000905.SH,600839.SH,20190603,350108.8545,3.05,461624.4222,0.758427929,0.8,1126363.59,0.3004044
77,000905.SH,600750.SH,20190603,23928.5676,16.39,42000,0.5697278,0.6,413028,0.1101558
78,000905.SH,000563.SZ,20190603,171766.0622,4.28,396401.2846,0.433313586,0.5,848298.749,0.2262437
79,000905.SH,600307.SH,20190603,283175.6474,2.02,626335.7424,0.452114782,0.5,632599.0998,0.168716
80,000905.SH,600739.SH,20190603,115727.4884,12.45,152970.9816,0.756532299,0.8,1523590.977,0.4063461
81,000905.SH,000729.SZ,20190603,114794.393,6.69,281853.9341,0.407283274,0.5,942801.4096,0.2514479
82,000905.SH,600258.SH,20190603,44919.8086,16.3,97889.1302,0.458884541,0.5,797796.4111,0.2127746
83,000905.SH,000528.SZ,20190603,95100.1261,6.54,147409.7776,0.645141236,0.7,674841.9619,0.1799823
84,000905.SH,600266.SH,20190603,91102.3847,9.61,156704,0.581366045,0.6,903555.264,0.2409808
85,000905.SH,002340.SZ,20190603,331770.8953,4.45,415092.6073,0.799269583,0.8,1477729.682,0.3941148
86,000905.SH,600895.SH,20190603,76265.295,20.25,154868.955,0.492450504,0.5,1568048.169,0.418203
87,000905.SH,002482.SZ,20190603,49865.5128,5.16,153727.9657,0.324375026,0.4,317294.5212,0.0846234
88,000905.SH,600260.SH,20190603,50980.3603,17.39,71479.6449,0.713215075,0.8,994424.8198,0.265216
89,000905.SH,000987.SZ,20190603,24943.0408,9.17,275288.4754,0.09060692,0.1,252439.5319,0.0673264
90,000905.SH,600195.SH,20190603,28935.0873,12.74,60172,0.480872953,0.5,383295.64,0.1022261
91,000905.SH,601068.SH,20190603,10844.875,6.73,295906.6667,0.036649647,0.04,79658.07468,0.021245
92,000905.SH,600373.SH,20190603,62239.8993,13.05,137794.0025,0.451688014,0.5,899105.8663,0.2397941
93,000905.SH,600179.SH,20190603,58224.4202,4.79,148697.9915,0.391561578,0.4,284905.3517,0.0759851
94,000905.SH,002174.SZ,20190603,44380.2907,17.04,88846.7873,0.499514862,0.5,756974.6278,0.2018873
95,000905.SH,601003.SH,20190603,44836.0065,5.79,256279.32,0.174949764,0.2,296771.4526,0.0791498
96,000905.SH,000156.SZ,20190603,54686.8435,11.26,143335.1902,0.381531175,0.4,645581.6967,0.1721785
97,000905.SH,000158.SZ,20190603,77105.2444,5.58,165287.4961,0.466491696,0.5,461152.1141,0.1229906
98,000905.SH,600169.SH,20190603,170288.7275,2.62,256395.5,0.66416426,0.7,470229.347,0.1254115
99,000905.SH,600325.SH,20190603,150435.8003,7.92,211764.7116,0.71039126,0.8,1341741.213,0.3578463
100,000905.SH,002465.SZ,20190603,150123.2835,9.57,230694.3384,0.650745417,0.7,1545421.373,0.4121684
101,000905.SH,600545.SH,20190603,50727.4075,7.36,189541.2995,0.267632477,0.3,418507.1893,0.1116171
102,000905.SH,600765.SH,20190603,47049.8869,8.98,77800.32,0.604751843,0.7,489052.8115,0.1304318
103,000905.SH,600729.SH,20190603,22329.3341,29.5,40652.8465,0.54926865,0.6,719555.3831,0.1919075
104,000905.SH,000829.SZ,20190603,55931.9427,5.6,103732.5399,0.539193803,0.6,348541.3341,0.092957
105,000905.SH,002831.SZ,20190603,25815.6448,17.93,87709.8616,0.294330014,0.3,471791.3455,0.1258281
106,000905.SH,002463.SZ,20190603,109613.943,9.95,172512.0663,0.635398702,0.7,1201546.542,0.3204559
107,000905.SH,300274.SZ,20190603,87823.6581,9.63,145814.86,0.602295665,0.7,982937.9713,0.2621524
108,000905.SH,601311.SH,20190603,41453.3492,11.63,86381.591,0.479886382,0.5,502308.9517,0.1339673
109,000905.SH,002382.SZ,20190603,21086.1002,12.99,96403.1086,0.218728426,0.3,375682.9142,0.1001957
110,000905.SH,000685.SZ,20190603,57994.6553,8.51,147511.1351,0.393154424,0.4,502127.9039,0.133919
111,000905.SH,002030.SZ,20190603,51159.0053,10.63,79741.2519,0.641562605,0.7,593354.6554,0.1582494
112,000905.SH,601333.SH,20190603,302278.57,3.15,708353.7,0.426733947,0.5,1115657.078,0.297549
113,000905.SH,002572.SZ,20190603,54703.126,18.39,92342.631,0.592392976,0.6,1018908.59,0.2717459
114,000905.SH,600757.SH,20190603,52850.0866,6.67,121365.0273,0.435463888,0.5,404752.366,0.1079486
115,000905.SH,600648.SH,20190603,33266.4508,21.09,113534.9124,0.293006355,0.3,718335.3908,0.1915821
116,000905.SH,600039.SH,20190603,210880.1976,3.57,361052.551,0.584070648,0.6,773374.5642,0.2062612
117,000905.SH,000031.SZ,20190603,95636.8668,6.14,392587.0338,0.243606789,0.3,723145.3163,0.1928649
118,000905.SH,000738.SZ,20190603,53626.3341,13.8,114564.2349,0.468089663,0.5,790493.2208,0.2108268
119,000905.SH,601100.SH,20190603,25814.2992,30.51,88200,0.292679129,0.3,807294.6,0.2153078
120,000905.SH,002470.SZ,20190603,134256.8417,3.97,329062.2729,0.407998281,0.5,653188.6117,0.1742073
121,000905.SH,600811.SH,20190603,261289.9446,3.81,371457.6124,0.703417929,0.8,1132202.803,0.3019618
122,000905.SH,603198.SH,20190603,16273.415,16.99,80000,0.203417688,0.3,407760,0.1087508
123,000905.SH,002603.SZ,20190603,47482.5148,11.47,120630.6583,0.393618964,0.4,553453.4603,0.1476076
124,000905.SH,002444.SZ,20190603,50851.6885,9.42,107524.77,0.472929991,0.5,506441.6667,0.1350695
125,000905.SH,603569.SH,20190603,7723.5071,12.65,56001.6164,0.137915789,0.14,99178.86264,0.0264513
126,000905.SH,600511.SH,20190603,26809.8528,22.27,76440.4391,0.35072866,0.4,680931.4315,0.1816064
127,000905.SH,002366.SZ,20190603,47567.2088,9.95,86705.735,0.548605104,0.6,517633.238,0.1380543
128,000905.SH,000878.SZ,20190603,77892.2238,9.97,169967.856,0.458276204,0.5,847289.7622,0.2259746
129,000905.SH,600978.SH,20190603,103909.2213,3.69,148287.0004,0.700730482,0.8,437743.2252,0.1167474
130,000905.SH,002074.SZ,20190603,66767.1808,12.54,113665.0819,0.587402742,0.6,855216.0762,0.2280886
131,000905.SH,002004.SZ,20190603,145787.6145,4.95,197991.9191,0.736331135,0.8,784047.9996,0.2091079
132,000905.SH,002491.SZ,20190603,68803.1363,8.19,126155.3144,0.545384367,0.6,619927.215,0.1653364
133,000905.SH,603816.SH,20190603,8932.1293,30.39,60212.7142,0.148342911,0.15,274479.6577,0.0732045
134,000905.SH,000552.SZ,20190603,113253.5682,2.76,228697.105,0.495212076,0.5,315602.0049,0.084172
135,000905.SH,000959.SZ,20190603,69795.3229,3.52,528938.96,0.131953454,0.14,260661.1195,0.0695191
136,000905.SH,600298.SH,20190603,44800.7622,29.03,82408.0943,0.543645167,0.6,1435384.187,0.3828211
137,000905.SH,000426.SZ,20190603,68166.7971,5.07,186850.0557,0.364820855,0.4,378931.913,0.1010622
138,000905.SH,000587.SZ,20190603,84554.2658,2.12,212374.933,0.398136751,0.4,180093.9432,0.0480316
139,000905.SH,000750.SZ,20190603,267884.0002,4.88,421554.1972,0.63546752,0.7,1440029.138,0.3840599
140,000905.SH,603077.SH,20190603,474858.5615,1.84,883125.0228,0.537702533,0.6,974970.0252,0.2600273
141,000905.SH,000547.SZ,20190603,97042.003,9.65,160567.8881,0.604367437,0.7,1084636.084,0.2892756
142,000905.SH,002118.SZ,20190603,72086.1839,7.91,128075.9826,0.562839202,0.6,607848.6134,0.162115
143,000905.SH,600801.SH,20190603,41070.4753,18.64,209659.9855,0.195890862,0.2,781612.4259,0.2084583
144,000905.SH,300244.SZ,20190603,35758.7875,16.15,62045.8296,0.576328622,0.6,601224.0888,0.1603482
145,000905.SH,300058.SZ,20190603,188147.2272,4.07,245701.0051,0.765756848,0.8,800002.4726,0.213363
146,000905.SH,600267.SH,20190603,55822.3345,9.39,96553.1842,0.57815115,0.6,543980.6398,0.1450812
147,000905.SH,002707.SZ,20190603,45015.6064,5.86,88541.6974,0.508411378,0.6,311312.6081,0.083028
148,000905.SH,002390.SZ,20190603,98766.8341,5.35,166722.8611,0.592401267,0.6,535180.3841,0.1427342
149,000905.SH,600126.SH,20190603,49068.998,5.17,337718.9083,0.145295383,0.15,261901.0134,0.0698498
150,000905.SH,601678.SH,20190603,109000.0845,6.5,154440,0.705776253,0.8,803088,0.2141859
151,000905.SH,601615.SH,20190603,27590,10.84,137972.2378,0.199967765,0.2,299123.8116,0.0797772
152,000905.SH,002223.SZ,20190603,54391.5756,23.13,100247.6929,0.542571844,0.6,1391237.482,0.3710471
153,000905.SH,603877.SH,20190603,5475.809,16.23,48075.93,0.11389918,0.12,93632.68127,0.0249721
154,000905.SH,002281.SZ,20190603,34281.3441,27.39,67703.1918,0.506347532,0.6,1112634.254,0.2967428
155,000905.SH,000025.SZ,20190603,9124.3048,20.45,43105.832,0.211672165,0.3,264454.2793,0.0705307
156,000905.SH,300253.SZ,20190603,108906.796,12.21,162432.543,0.670473995,0.7,1388310.945,0.3702665
157,000905.SH,002056.SZ,20190603,72747.2735,7.63,164360,0.442609354,0.5,627033.4,0.1672316
158,000905.SH,600580.SH,20190603,67903.2589,9.41,129315.9586,0.525095739,0.6,730117.9023,0.1947246
159,000905.SH,600959.SH,20190603,203923.919,4.29,493046.0075,0.413600183,0.5,1057583.686,0.2820606
160,000905.SH,002926.SZ,20190603,114622.4047,9.68,262500,0.43665678,0.5,1270500,0.338846
161,000905.SH,600881.SH,20190603,281857.0123,3.22,324891.3588,0.867542348,1,1046150.175,0.2790113
162,000905.SH,002815.SZ,20190603,21890.916,14.51,83329.812,0.262702093,0.3,362734.6716,0.0967424
163,000905.SH,300133.SZ,20190603,94764.7781,6.24,177327.7521,0.534404666,0.6,663915.1039,0.1770681
164,000905.SH,600348.SH,20190603,100196.176,5.61,240500,0.416616116,0.5,674602.5,0.1799184
165,000905.SH,601718.SH,20190603,201981.6654,3.63,439162.9404,0.459924203,0.5,797080.7368,0.2125837
166,000905.SH,000732.SZ,20190603,46473.6972,15.32,124445.072,0.373447469,0.4,762599.4012,0.2033875
167,000905.SH,600022.SH,20190603,552910.5486,1.67,1094654.962,0.505100299,0.6,1096844.272,0.2925315
168,000905.SH,600745.SH,20190603,20770.5028,35.15,63726.6387,0.325931247,0.4,895996.5401,0.2389649
169,000905.SH,000960.SZ,20190603,91768.0264,11.09,166877.6379,0.549912065,0.6,1110403.803,0.2961479
170,000905.SH,000727.SZ,20190603,227861.8416,2.09,452956.698,0.50305436,0.6,568007.6993,0.1514893
171,000905.SH,002285.SZ,20190603,99686.1107,4.66,204297.0972,0.48794678,0.5,476012.2365,0.1269538
172,000905.SH,002176.SZ,20190603,117125.4559,5.01,170632.5581,0.686419152,0.7,598408.3813,0.1595972
173,000905.SH,601958.SH,20190603,80715.436,6.63,322660.44,0.250155972,0.3,641771.6152,0.1711623
174,000905.SH,600848.SH,20190603,38455.347,34.05,111991.9277,0.343376061,0.4,1525330.055,0.4068099
175,000905.SH,603025.SH,20190603,10565.103,10.24,92189.0711,0.114602554,0.12,113281.9306,0.0302126
176,000905.SH,000009.SZ,20190603,174398.7791,5.64,214934.4971,0.811404318,1,1212230.564,0.3233054
177,000905.SH,600737.SH,20190603,99459.255,8.38,213884.8228,0.465013149,0.5,896177.4075,0.2390131
178,000905.SH,601019.SH,20190603,42690,7.77,208690,0.20456179,0.3,486456.39,0.1297393
179,000905.SH,002212.SZ,20190603,54103.317,14.45,115848.3285,0.467018538,0.5,837004.1734,0.2232314
180,000905.SH,002048.SZ,20190603,44684.7139,11.11,62622.7314,0.713554214,0.8,556590.8367,0.1484444
181,000905.SH,600073.SH,20190603,58336.4598,9.69,93772.9472,0.622103299,0.7,636061.9009,0.1696395
182,000905.SH,002049.SZ,20190603,37332.9347,49.62,60681.7968,0.615224609,0.7,2107721.53,0.5621354
183,000905.SH,002434.SZ,20190603,42076.13,6.67,134000,0.31400097,0.4,357512,0.0953495
184,000905.SH,603806.SH,20190603,10360.1186,34.39,52260,0.198241841,0.2,359444.28,0.0958648
185,000905.SH,603883.SH,20190603,9469.2142,57.72,28655.6365,0.330448573,0.4,661601.3355,0.176451
186,000905.SH,000090.SZ,20190603,86843.2325,6.5,143734.2642,0.604192974,0.7,653990.9021,0.1744213
187,000905.SH,300026.SZ,20190603,168559.2869,3.41,301105.4793,0.55980146,0.6,616061.8106,0.1643055
188,000905.SH,002250.SZ,20190603,64211.3923,9.96,92498.8056,0.694186178,0.7,644901.6726,0.1719971
189,000905.SH,000537.SZ,20190603,29917.4047,6.92,186252.072,0.160628574,0.2,257772.8676,0.0687488
190,000905.SH,000564.SZ,20190603,139737.3632,2.62,600782.8231,0.232592141,0.3,472215.299,0.1259412
191,000905.SH,600525.SH,20190603,104413.637,5.85,132366.6752,0.788821181,0.8,619476.0399,0.1652161
192,000905.SH,600380.SH,20190603,101743.8093,8.11,193803.3338,0.524984825,0.6,943047.0223,0.2515134
193,000905.SH,601717.SH,20190603,96203.7619,5.61,173247.137,0.555297845,0.6,583149.8631,0.1555278
194,000905.SH,600699.SH,20190603,59163.3471,21.15,94928.9,0.62323852,0.7,1405422.365,0.3748302
195,000905.SH,600639.SH,20190603,29615.5246,14.13,112241.2893,0.263855884,0.3,475790.8253,0.1268948
196,000905.SH,600835.SH,20190603,31543.0714,16.07,102273.9308,0.308417513,0.4,657416.8272,0.175335
197,000905.SH,600536.SH,20190603,27137.2536,58.99,49456.2782,0.548712006,0.6,1750455.511,0.4668516
198,000905.SH,000932.SZ,20190603,117624.4513,6.41,301565.0025,0.390046757,0.4,773212.6664,0.2062181
199,000905.SH,600565.SH,20190603,129432.6001,3.86,243797.6284,0.530901801,0.6,564635.3074,0.1505899
200,000905.SH,000559.SZ,20190603,119737.9987,5.88,275315.9454,0.434911238,0.5,809428.8795,0.215877
201,000905.SH,000301.SZ,20190603,89526.3992,5.42,402905.3222,0.222202076,0.3,655124.0539,0.1747235
202,000905.SH,601200.SH,20190603,40461.7981,10.4,91330.7049,0.443025138,0.5,474919.6655,0.1266624
203,000905.SH,000066.SZ,20190603,173323.7542,9.58,293616.556,0.590306475,0.6,1687707.964,0.4501166
204,000905.SH,600763.SH,20190603,18824.4,80.68,32064,0.587088323,0.6,1552154.112,0.413964
205,000905.SH,603000.SH,20190603,47165.3991,18.49,110569.1056,0.426569419,0.5,1022211.381,0.2726267
206,000905.SH,002332.SZ,20190603,70649.5387,6.77,91621.2166,0.771104569,0.8,496220.5091,0.1323434
207,000905.SH,600166.SH,20190603,456821.5956,2.29,667013.129,0.684876468,0.7,1069222.046,0.2851646
208,000905.SH,600079.SH,20190603,95762.5188,9.96,135370.4302,0.707410907,0.8,1078631.588,0.2876742
209,000905.SH,002302.SZ,20190603,49510.6378,11.01,126235.4304,0.39220873,0.4,555940.8355,0.148271
210,000905.SH,600657.SH,20190603,73937.3051,4.06,285187.8595,0.259258249,0.3,347358.8129,0.0926416
211,000905.SH,600428.SH,20190603,105324.7126,3.63,214665.0771,0.490646704,0.5,389617.1149,0.103912
212,000905.SH,601611.SH,20190603,65255,7.6,262500,0.248590476,0.3,598500,0.1596217
213,000905.SH,600350.SH,20190603,116976.6196,4.75,481116.5857,0.243135704,0.3,685591.1346,0.1828491
214,000905.SH,002251.SZ,20190603,35346.6932,7.95,86390.3951,0.40915073,0.5,343401.8205,0.0915863
215,000905.SH,603369.SH,20190603,59249.0962,24.18,125450,0.472292517,0.5,1516690.5,0.4045057
216,000905.SH,600718.SH,20190603,86566.8485,12.49,124237.0295,0.696787816,0.7,1086204.349,0.2896938
217,000905.SH,002431.SZ,20190603,95352.2063,4.06,148698.545,0.641245053,0.7,422601.2649,0.112709
218,000905.SH,600098.SH,20190603,50331.8902,6.04,272619.6558,0.184623115,0.2,329324.5442,0.0878318
219,000905.SH,600410.SH,20190603,100667.4025,10.75,110231.8383,0.913233455,1,1184992.262,0.3160409
220,000905.SH,300182.SZ,20190603,163193.8636,4.44,257496.0807,0.633772223,0.7,800297.8188,0.2134417
221,000905.SH,600563.SH,20190603,11644.3076,41.74,22500,0.517524782,0.6,563490,0.1502844
222,000905.SH,002941.SZ,20190603,6500,27.32,64500,0.100775194,0.11,193835.4,0.0516965
223,000905.SH,002670.SZ,20190603,47862.225,10.76,193508.4653,0.247339179,0.3,624645.326,0.1665947
224,000905.SH,603888.SH,20190603,17646.998,20.08,51902.936,0.339999995,0.4,416884.382,0.1111843
225,000905.SH,000401.SZ,20190603,84863.4151,16.62,134752.2914,0.629773447,0.7,1567708.158,0.4181123
226,000905.SH,600125.SH,20190603,91377.407,7,130552.1874,0.699930111,0.7,639705.7183,0.1706114
227,000905.SH,002242.SZ,20190603,24751.0704,19.42,76737.1,0.322543729,0.4,596093.7928,0.1589799
228,000905.SH,002544.SZ,20190603,29971.2361,12.27,57115.722,0.524745815,0.6,420485.9454,0.1121448
229,000905.SH,603659.SH,20190603,12108.3177,45.59,43469.55,0.278547114,0.3,594533.0354,0.1585637
230,000905.SH,603225.SH,20190603,16663.6726,12.31,119122.6726,0.139886658,0.14,205296.014,0.054753
231,000905.SH,600917.SH,20190603,17158,6.99,155600,0.110269923,0.12,130517.28,0.0348093
232,000905.SH,600645.SH,20190603,29457.119,17.5,44016.1089,0.669234963,0.7,539197.334,0.1438055
233,000905.SH,601118.SH,20190603,152541.5773,5.28,427942.7797,0.356453209,0.4,903815.1507,0.2410501
234,000905.SH,000712.SZ,20190603,44666.9171,12.44,89600,0.4985147,0.5,557312,0.1486367
235,000905.SH,000021.SZ,20190603,70786.7832,8.91,147125.9363,0.481130554,0.5,655446.0462,0.1748094
236,000905.SH,600317.SH,20190603,140556.7625,2.68,647298.3003,0.217143723,0.3,520427.8334,0.1387996
237,000905.SH,002110.SZ,20190603,93341.5572,8.52,245157.6238,0.380740993,0.4,835497.1819,0.2228295
238,000905.SH,002266.SZ,20190603,153154.5002,4.7,197871.9849,0.774008005,0.8,743998.6632,0.1984266
239,000905.SH,002375.SZ,20190603,60647.693,5.47,133999.6498,0.452595907,0.5,366489.0422,0.0977437
240,000905.SH,600939.SH,20190603,40957.5584,4.88,181450,0.225723662,0.3,265642.8,0.0708477
241,000905.SH,603228.SH,20190603,14049.4813,35.94,60237.161,0.233236113,0.3,649477.0699,0.1732174
242,000905.SH,300308.SZ,20190603,8929.7187,42.07,50983.3844,0.175149587,0.2,428974.1963,0.1144087
243,000905.SH,603056.SH,20190603,21765.8855,15.08,96000,0.226727974,0.3,434304,0.1158301
244,000905.SH,002368.SZ,20190603,23083.6774,31.55,41391.4371,0.557692098,0.6,783539.9043,0.2089724
245,000905.SH,603517.SH,20190603,14320.24,34.99,57400,0.249481533,0.3,602527.8,0.1606959
246,000905.SH,000937.SZ,20190603,100390.666,3.84,353354.685,0.284107358,0.3,407064.5971,0.1085653
247,000905.SH,002507.SZ,20190603,46213.0257,28.35,78935.7241,0.585451343,0.6,1342696.667,0.3581011
248,000905.SH,002280.SZ,20190603,126677.9361,3.95,217714.9675,0.581852215,0.6,515984.473,0.1376146
249,000905.SH,600717.SH,20190603,72325.6609,7.6,167476.912,0.431854517,0.5,636412.2656,0.169733
250,000905.SH,600416.SH,20190603,62863.1202,6.73,94583.4325,0.664631411,0.7,445582.5505,0.1188382
251,000905.SH,002426.SZ,20190603,186295.2357,2.73,344151.7719,0.54131709,0.6,563720.6024,0.1503459
252,000905.SH,000997.SZ,20190603,69759.3816,16.94,104412.4717,0.668113497,0.7,1238123.089,0.330211
253,000905.SH,002440.SZ,20190603,59531.0299,12.93,115050,0.517436157,0.6,892557.9,0.2380478
254,000905.SH,600971.SH,20190603,54046.5995,5.54,120000.4884,0.450386496,0.5,332401.3529,0.0886524
255,000905.SH,300009.SZ,20190603,59364.9478,15.89,105031.9818,0.565208299,0.6,1001374.914,0.2670696
256,000905.SH,601869.SH,20190603,7579.051,38.18,75790.5108,0.099999999,0.1,289368.1702,0.0771753
257,000905.SH,600777.SH,20190603,338491.8643,2.04,680049.5825,0.49774586,0.5,693650.5742,0.1849986
258,000905.SH,600759.SH,20190603,131056.4109,3.3,226350.7518,0.578997021,0.6,448174.4886,0.1195294
259,000905.SH,601811.SH,20190603,18596.1375,13.7,123384.1,0.150717455,0.2,338072.434,0.0901649
260,000905.SH,600859.SH,20190603,30520.8191,14.87,77625.035,0.393182677,0.4,461713.7082,0.1231404
261,000905.SH,601928.SH,20190603,137211.9742,8,254490,0.539164502,0.6,1221552,0.3257915
262,000905.SH,600642.SH,20190603,228549.255,5.85,455203.8316,0.502081132,0.6,1597765.449,0.4261287
263,000905.SH,002268.SZ,20190603,49858.3896,23.86,83833.6028,0.59473037,0.6,1200161.858,0.3200866
264,000905.SH,600770.SH,20190603,69722.6313,6.87,130000,0.536327933,0.6,535860,0.1429154
265,000905.SH,600908.SH,20190603,81623.4336,5.53,184823.9275,0.441628066,0.5,511038.1595,0.1362954
266,000905.SH,601000.SH,20190603,278564.6439,2.71,592592.8614,0.470077623,0.5,802963.3272,0.2141526
267,000905.SH,600138.SH,20190603,55693.55,12.67,72384,0.769417965,0.8,733684.224,0.1956757
268,000905.SH,000860.SZ,20190603,45655.7321,40.55,74176.6989,0.615499649,0.7,2105505.598,0.5615444
269,000905.SH,002439.SZ,20190603,56012.9096,24.36,89669.2587,0.624661232,0.7,1529040.199,0.4077994
270,000905.SH,000690.SZ,20190603,158789.4037,6.79,217588.7862,0.729768323,0.8,1181942.287,0.3152274
271,000905.SH,002807.SZ,20190603,91238.9639,4.6,217180.2841,0.420107029,0.5,499514.6534,0.133222
272,000905.SH,600183.SH,20190603,94708.0395,14.25,212083.7688,0.446559584,0.5,1511096.853,0.4030139
273,000905.SH,601139.SH,20190603,45997.2742,5.54,287684.9834,0.159887644,0.2,318754.9616,0.0850129
274,000905.SH,002233.SZ,20190603,66029.4172,11.21,119227.5016,0.55381029,0.6,801924.1758,0.2138755
275,000905.SH,000541.SZ,20190603,59574.2248,5.14,139934.6154,0.425729007,0.5,359631.9616,0.0959149
276,000905.SH,600064.SH,20190603,80661.1731,10.99,123595.6888,0.652621251,0.7,950821.6339,0.2535869
277,000905.SH,000078.SZ,20190603,140551.568,3.47,276258.3257,0.508768623,0.6,575169.8341,0.1533995
278,000905.SH,600201.SH,20190603,98557.7325,14.7,115965.5441,0.84988807,1,1704693.498,0.4546467
279,000905.SH,002690.SZ,20190603,22384.4714,29.15,67600,0.331131234,0.4,788216,0.2102195
280,000905.SH,000581.SZ,20190603,51717.0493,19.39,100895.057,0.512582587,0.6,1173813.093,0.3130593
281,000905.SH,000501.SZ,20190603,43817.7852,10.35,76899.2731,0.569807534,0.6,477544.486,0.1273625
282,000905.SH,002385.SZ,20190603,223782.0648,5.95,424299.3865,0.52741548,0.6,1514748.81,0.4039879
283,000905.SH,600885.SH,20190603,39497.291,23.6,74476.1552,0.530334721,0.6,1054582.358,0.2812602
284,000905.SH,002812.SZ,20190603,12692.9575,54.99,47386.7912,0.267858557,0.3,781739.8944,0.2084923
285,000905.SH,600158.SH,20190603,46228.3673,11.25,84373.5373,0.547901259,0.6,569521.3768,0.151893
286,000905.SH,600707.SH,20190603,63986.3438,4.89,358838.9732,0.178314923,0.2,350944.5158,0.0935979
287,000905.SH,000062.SZ,20190603,24747.5781,14.39,104590.9322,0.236613037,0.3,451519.0543,0.1204214
288,000905.SH,002489.SZ,20190603,91776.0537,3.52,217573.6503,0.421816031,0.5,382929.6245,0.1021284
289,000905.SH,002948.SZ,20190603,45097.6751,6.45,450969,0.100001719,0.11,319962.5055,0.0853349
290,000905.SH,000980.SZ,20190603,87488.2108,4.3,202767.1288,0.43147137,0.5,435949.3269,0.1162689
291,000905.SH,600060.SH,20190603,72585.156,8.11,130848.1222,0.554728297,0.6,636706.9626,0.1698116
292,000905.SH,002155.SZ,20190603,72218.6689,8.29,120203.9474,0.600801142,0.7,697543.5068,0.1860369
293,000905.SH,002517.SZ,20190603,171934.411,3.18,215251.7634,0.798759593,0.8,547600.4861,0.1460466
294,000905.SH,002317.SZ,20190603,57365.478,8.35,81446.1076,0.704336643,0.8,544059.9988,0.1451024
295,000905.SH,000008.SZ,20190603,168503.5457,3.79,278079.5346,0.605954501,0.7,737745.0053,0.1967587
296,000905.SH,300134.SZ,20190603,34842.4328,13.66,76749.8006,0.453974245,0.5,524201.1381,0.139806
297,000905.SH,603766.SH,20190603,100795.0286,4.03,205354.185,0.490835035,0.5,413788.6828,0.1103586
298,000905.SH,002681.SZ,20190603,78849.229,4.45,206371.7194,0.382073809,0.4,367341.6605,0.0979711
299,000905.SH,002183.SZ,20190603,135293.5682,4.92,212269.7819,0.637366124,0.7,731057.1289,0.1949751
300,000905.SH,000848.SZ,20190603,58023.5505,8.67,97856.2728,0.592946664,0.6,509048.3311,0.1357647
301,000905.SH,600623.SH,20190603,40147.1473,7.69,210529.6763,0.190695906,0.2,323794.6421,0.086357
302,000905.SH,000636.SZ,20190603,71170.8026,12.05,89523.3111,0.794997434,0.8,863004.719,0.2301659
303,000905.SH,000826.SZ,20190603,66351.1063,9.96,143057.8784,0.463806028,0.5,712428.2344,0.1900067
304,000905.SH,002583.SZ,20190603,79236.4545,8.46,183722.0491,0.431284404,0.5,777144.2677,0.2072666
305,000905.SH,000723.SZ,20190603,90714.2794,11.29,409136.9052,0.221721087,0.3,1385746.698,0.3695827
306,000905.SH,002384.SZ,20190603,87463.8911,13.5,160657.2477,0.544412981,0.6,1301323.706,0.3470668
307,000905.SH,600435.SH,20190603,92941.55,9.1,148932,0.624053595,0.7,948696.84,0.2530202
308,000905.SH,600056.SH,20190603,45474.8134,13.63,106848.5534,0.425600646,0.5,728172.8914,0.1942058
309,000905.SH,002437.SZ,20190603,80239.6832,4.48,219812.295,0.365037284,0.4,393903.6326,0.1050552
310,000905.SH,000998.SZ,20190603,60390.096,15.49,131697.0298,0.458553212,0.5,1019993.496,0.2720352
311,000905.SH,600748.SH,20190603,83634.7149,9.18,184456.2892,0.453412108,0.5,846654.3674,0.2258052
312,000905.SH,000513.SZ,20190603,27498.3452,30.74,71905.024,0.382425923,0.4,884144.1751,0.2358038
313,000905.SH,002254.SZ,20190603,39395.9019,10.6,61083.36,0.644953092,0.7,453238.5312,0.12088
314,000905.SH,601005.SH,20190603,628349.3467,1.93,891860.2267,0.704537917,0.8,1377032.19,0.3672585
315,000905.SH,601872.SH,20190603,184325.5488,4.06,606661.2657,0.303836027,0.4,985217.8955,0.2627605
316,000905.SH,000686.SZ,20190603,134321.0589,8.56,234045.2915,0.573910537,0.6,1202056.617,0.320592
317,000905.SH,600872.SH,20190603,51269.0839,38.75,79663.7194,0.643568795,0.7,2160878.389,0.5763125
318,000905.SH,600141.SH,20190603,48541.3602,10.26,72718.0828,0.667528053,0.7,522261.2707,0.1392886
319,000905.SH,600280.SH,20190603,50514.7456,3.65,114833.4872,0.439895599,0.5,209571.1141,0.0558932
320,000905.SH,600869.SH,20190603,216228.2746,4.59,221935.2746,0.974285296,1,1018682.91,0.2716857
321,000905.SH,600021.SH,20190603,85584.6765,8.37,261716.4197,0.327013019,0.4,876226.5732,0.2336922
322,000905.SH,002038.SZ,20190603,38801.2827,22.94,68490,0.566524788,0.6,942696.36,0.2514198
323,000905.SH,600779.SH,20190603,19542.1434,46.82,48854.5698,0.400006458,0.5,1143685.479,0.3050242
324,000905.SH,600751.SH,20190603,155977.7826,3.09,289933.7783,0.53797727,0.6,537537.225,0.1433627
325,000905.SH,300001.SZ,20190603,46399.8782,18,99757.0075,0.465129011,0.5,897813.0675,0.2394493
326,000905.SH,000887.SZ,20190603,64851.8595,9.52,122082.0095,0.531215531,0.6,697332.4383,0.1859806
327,000905.SH,601699.SH,20190603,110661.6188,7.61,299140.92,0.369931398,0.4,910584.9605,0.2428556
328,000905.SH,300450.SZ,20190603,43257.2966,28,88157.7267,0.490680718,0.5,1234208.174,0.3291669
329,000905.SH,300010.SZ,20190603,65646.1962,7.65,86832.4647,0.756009822,0.8,531414.684,0.1417298
330,000905.SH,002414.SZ,20190603,28854.6858,17.93,93638.4046,0.308150122,0.4,671574.6378,0.1791109
331,000905.SH,600426.SH,20190603,109377.2379,13.61,162665.975,0.672403912,0.7,1549718.744,0.4133145
332,000905.SH,000681.SZ,20190603,28720.0661,17.63,70057.7436,0.409948489,0.5,617559.0098,0.1647048
333,000905.SH,600909.SH,20190603,205579.6469,6.15,362100,0.567742742,0.6,1336149,0.3563548
334,000905.SH,002672.SZ,20190603,36929.3197,11.1,88596.2102,0.416827307,0.5,491708.9666,0.1311402
335,000905.SH,601880.SH,20190603,235725.5248,2.09,1289453.6,0.182810397,0.2,538991.6048,0.1437506
336,000905.SH,600418.SH,20190603,124660.6251,5.1,189331.2117,0.658426173,0.7,675912.4258,0.1802678
337,000905.SH,600557.SH,20190603,35588.8576,13.98,59288.1038,0.60026979,0.7,580193.3838,0.1547393
338,000905.SH,601179.SH,20190603,171161.7006,3.7,512588.2352,0.333916561,0.4,758630.5881,0.202329
339,000905.SH,600507.SH,20190603,89034.5952,8.93,144987.1485,0.614086118,0.7,906314.6653,0.2417167
340,000905.SH,002665.SZ,20190603,166480.2635,3.85,253872.0737,0.655764382,0.7,684185.2386,0.1824742
341,000905.SH,002416.SZ,20190603,34368.2584,5.12,123928.1806,0.277323997,0.3,190353.6854,0.0507679
342,000905.SH,600259.SH,20190603,14598.5853,38.12,30180.2291,0.483713535,0.5,575235.1666,0.1534169
343,000905.SH,002419.SZ,20190603,38914.7685,12.57,120030,0.324208685,0.4,603510.84,0.1609581
344,000905.SH,600823.SH,20190603,119475.1608,4.47,375116.8261,0.318501204,0.4,670708.8851,0.17888
345,000905.SH,300324.SZ,20190603,85169.7747,5.45,171080.2595,0.497835197,0.5,466193.7071,0.1243352
346,000905.SH,300257.SZ,20190603,31001.8434,10.19,85800,0.361326846,0.4,349720.8,0.0932715
347,000905.SH,002127.SZ,20190603,138331.3577,10.72,245487.0403,0.563497599,0.6,1578972.643,0.4211166
348,000905.SH,002344.SZ,20190603,60032.583,4.6,128274.5046,0.468000895,0.5,295031.3606,0.0786857
349,000905.SH,002946.SZ,20190603,8537.1067,16.19,85371.0666,0.1,0.11,152037.3325,0.0405488
350,000905.SH,600053.SH,20190603,11476.495,24.99,43354.08,0.264715455,0.3,325025.5378,0.0866853
351,000905.SH,002002.SZ,20190603,129492.1473,5.02,258871.3789,0.500218092,0.6,779720.5932,0.2079537
352,000905.SH,600820.SH,20190603,177149.5563,6.33,314409.6094,0.563435566,0.6,1194127.697,0.3184773
353,000905.SH,300166.SZ,20190603,73363.8821,12.22,105668.0094,0.694286592,0.7,903884.1524,0.2410685
354,000905.SH,300197.SZ,20190603,151082.5945,3.32,234547.7837,0.6441442,0.7,545089.0493,0.1453768
355,000905.SH,600754.SH,20190603,16861.3154,24.2,95793.644,0.176017058,0.2,463641.237,0.1236545
356,000905.SH,600277.SH,20190603,139258.8682,4.84,273894.0149,0.508440713,0.6,795388.2193,0.2121323
357,000905.SH,600388.SH,20190603,79902.6227,12.1,106905,0.747417078,0.8,1034840.4,0.2759949
358,000905.SH,002607.SZ,20190603,66763.9399,12.13,616739.9389,0.108252986,0.11,822916.1005,0.2194741
359,000905.SH,601128.SH,20190603,151531.696,7.15,274085.5925,0.552862683,0.6,1175827.192,0.3135965
360,000905.SH,002797.SZ,20190603,195348.9014,6.1,350240,0.557757256,0.6,1281878.4,0.3418807
361,000905.SH,600664.SH,20190603,133378.1191,3.94,252339.2176,0.528566746,0.6,596529.9104,0.1590963
362,000905.SH,601966.SH,20190603,39440.912,16.23,120000.912,0.328671769,0.4,779045.9207,0.2077738
363,000905.SH,603444.SH,20190603,3649.2011,203,7188.2225,0.507663904,0.6,875525.5005,0.2335052
364,000905.SH,603377.SH,20190603,19145.875,16.62,58800,0.325610119,0.4,390902.4,0.1042548
365,000905.SH,600094.SH,20190603,156764.2523,7.59,247532.5057,0.633307742,0.7,1315140.203,0.3507517
366,000905.SH,000983.SZ,20190603,143698.2552,6.05,315120,0.456011219,0.5,953238,0.2542313
367,000905.SH,000869.SZ,20190603,10798.6944,28.95,68546.4,0.157538462,0.2,396883.656,0.10585
368,000905.SH,600808.SH,20190603,246128.373,3.48,770068.1186,0.319618962,0.4,1071934.821,0.2858881
369,000905.SH,600996.SH,20190603,23672.3555,10.15,104256.8441,0.227058048,0.3,317462.0903,0.0846681
370,000905.SH,600845.SH,20190603,19510.3898,31.51,87730.7886,0.222389313,0.3,829319.1446,0.2211818
371,000905.SH,600062.SH,20190603,41744.2086,12.8,104323.771,0.400140909,0.5,667672.1344,0.1780701
372,000905.SH,601168.SH,20190603,171070,5.95,238300,0.717876626,0.8,1134308,0.3025232
373,000905.SH,600037.SH,20190603,87092.4892,10.32,139177.7884,0.625764285,0.7,1005420.343,0.2681485
374,000905.SH,601689.SH,20190603,24420.5132,14.71,72757.7758,0.335641283,0.4,428106.7528,0.1141773
375,000905.SH,601608.SH,20190603,142009.7299,3.98,433941.9293,0.327255147,0.4,690835.5514,0.1842478
376,000905.SH,600862.SH,20190603,42635.282,9.23,139304.9107,0.30605728,0.4,514313.7303,0.137169
377,000905.SH,300159.SZ,20190603,87306.9609,4.9,149036.0202,0.58581114,0.6,438165.8994,0.1168601
378,000905.SH,600993.SH,20190603,27829.9352,17.29,43105.3891,0.645625426,0.7,521704.5243,0.1391401
379,000905.SH,000519.SZ,20190603,67774.1302,7.81,139255.8982,0.486687681,0.5,543794.2825,0.1450315
380,000905.SH,002424.SZ,20190603,47106.8333,10.6,141120,0.333806925,0.4,598348.8,0.1595814
381,000905.SH,603328.SH,20190603,29246.1973,9.79,99771.7821,0.29313095,0.3,293029.724,0.0781519
382,000905.SH,600884.SH,20190603,67506.1904,10.55,112276.4986,0.601249516,0.7,829161.9422,0.2211399
383,000905.SH,300113.SZ,20190603,40117.7626,14.21,69428.724,0.577826587,0.6,591949.3008,0.1578746
384,000905.SH,002191.SZ,20190603,79262.9467,12.12,146487.045,0.541091854,0.6,1065253.791,0.2841063
385,000905.SH,600582.SH,20190603,127160.3528,3.45,413858.8892,0.307255338,0.4,571125.2671,0.1523208
386,000905.SH,002509.SZ,20190603,144015.0588,2.05,249249.2696,0.577795309,0.6,306576.6016,0.0817649
387,000905.SH,600008.SH,20190603,220203.0706,3.44,568544.8207,0.387309958,0.4,782317.6733,0.2086464
388,000905.SH,601001.SH,20190603,71206.7492,4.5,167370,0.425445117,0.5,376582.5,0.1004356
389,000905.SH,300266.SZ,20190603,87873.0183,4.43,156443.1057,0.561693134,0.6,415825.775,0.1109019
390,000905.SH,002701.SZ,20190603,165538.3142,4.7,235522.56,0.702855447,0.8,885564.8256,0.2361827
391,000905.SH,600329.SH,20190603,24001.2548,14.55,76887.3076,0.312161468,0.4,447484.1302,0.1193453
392,000905.SH,600584.SH,20190603,84897.1516,14.35,160287.4555,0.52965562,0.6,1380074.992,0.36807
393,000905.SH,600316.SH,20190603,37180.2292,16.28,71711.4512,0.518469904,0.6,700477.4553,0.1868194
394,000905.SH,601866.SH,20190603,352150.0614,2.86,1168312.5,0.301417696,0.4,1336549.5,0.3564616
395,000905.SH,603556.SH,20190603,16112.0728,14.21,49446.41,0.325849193,0.4,281053.3944,0.0749578
396,000905.SH,300055.SZ,20190603,62515.877,6.87,86518.4815,0.722572518,0.8,475505.5743,0.1268187
397,000905.SH,600575.SH,20190603,149966.4511,2.95,388626.1065,0.385888772,0.4,458578.8057,0.1223043
398,000905.SH,600782.SH,20190603,141662.4464,5.01,318872.2696,0.44426079,0.5,798775.0353,0.2130356
399,000905.SH,002709.SZ,20190603,28222.2006,23.25,34270.2681,0.823518524,1,796783.7333,0.2125045
400,000905.SH,600151.SH,20190603,86603.9755,5.44,143425.2287,0.603826651,0.7,546163.2709,0.1456633
401,000905.SH,000536.SZ,20190603,127405.3848,2.61,276603.2803,0.460606919,0.5,360967.2808,0.096271
402,000905.SH,300297.SZ,20190603,66052.8653,6,125014.1533,0.528363098,0.6,450050.9519,0.1200299
403,000905.SH,300088.SZ,20190603,178027.4585,4.9,229887.9814,0.774409595,0.8,901160.8871,0.2403422
404,000905.SH,300002.SZ,20190603,135509.8471,3.95,196109.1984,0.690991795,0.7,542241.9336,0.1446175
405,000905.SH,603885.SH,20190603,53701.3477,12.51,179701.3477,0.298836644,0.3,674419.1579,0.1798695
406,000905.SH,600970.SH,20190603,104065.9588,6.5,173957.3853,0.598226736,0.6,678433.8027,0.1809403
407,000905.SH,603233.SH,20190603,8339.653,44.59,52001.3,0.160373933,0.2,463747.5934,0.1236828
408,000905.SH,603568.SH,20190603,18697.4112,19.88,92842.065,0.201389437,0.3,553710.0757,0.1476761
409,000905.SH,600673.SH,20190603,139692.3389,8.19,301389.7259,0.463494031,0.5,1234190.928,0.3291623
410,000905.SH,600515.SH,20190603,152748.3196,4.61,390759.246,0.390901357,0.4,720560.0496,0.1921755
411,000905.SH,600338.SH,20190603,24152.5799,37.85,65300.7263,0.369866941,0.4,988652.9962,0.2636766
412,000905.SH,002217.SZ,20190603,168996.3787,5.5,311641.622,0.542277946,0.6,1028417.353,0.2742819
413,000905.SH,002085.SZ,20190603,107943.1189,7.24,218687.9678,0.493594229,0.5,791650.4434,0.2111355
414,000905.SH,300383.SZ,20190603,90967.9763,15.25,154119.5921,0.590242779,0.6,1410194.268,0.3761029
415,000905.SH,601231.SH,20190603,47407.5978,12.36,217592.358,0.21787345,0.3,806832.4635,0.2151846
416,000905.SH,300315.SZ,20190603,235575.1561,3.31,275748.4192,0.854311901,1,912727.2676,0.243427
417,000905.SH,002407.SZ,20190603,51839.7537,11.77,68392.0481,0.757979255,0.8,643979.5249,0.1717512
418,000905.SH,300168.SZ,20190603,70289.255,11.81,109944.9688,0.639313065,0.7,908915.0571,0.2424103
419,000905.SH,000877.SZ,20190603,56771.329,10.6,104872.2959,0.541337715,0.6,666987.8019,0.1778876
420,000905.SH,002505.SZ,20190603,237235.4318,2.13,548537.22,0.432487392,0.5,584192.1393,0.1558057
421,000905.SH,000813.SZ,20190603,46209.6649,7.85,224148.18,0.20615677,0.3,527868.9639,0.1407842
422,000905.SH,000600.SZ,20190603,61563.3843,6.58,179162.6376,0.343617314,0.4,471556.0622,0.1257654
423,000905.SH,601801.SH,20190603,77161.5172,6.03,198920.4737,0.387901334,0.4,479796.1826,0.127963
424,000905.SH,002129.SZ,20190603,162641.2758,9.75,278515.6473,0.583957409,0.6,1629316.537,0.4345434
425,000905.SH,002387.SZ,20190603,79608.1611,12.21,136766.3046,0.582074374,0.6,1001949.947,0.267223
426,000905.SH,600528.SH,20190603,96494.6388,10.38,222155.1588,0.434356957,0.5,1152985.274,0.3075045
427,000905.SH,600903.SH,20190603,22262.8596,13.38,113818.5027,0.195599653,0.2,304578.3132,0.0812319
428,000905.SH,000807.SZ,20190603,149685.314,4.66,260683.8797,0.574202418,0.6,728872.1276,0.1943923
429,000905.SH,002028.SZ,20190603,45418.0543,10.16,76020.9282,0.59744146,0.6,463423.5783,0.1235964
430,000905.SH,300207.SZ,20190603,92218.9695,11.37,154774.82,0.595826695,0.6,1055873.822,0.2816046
431,000905.SH,300376.SZ,20190603,81268.8017,5.08,232788.6356,0.349109833,0.4,473026.5075,0.1261575
432,000905.SH,002249.SZ,20190603,182430.1657,4.12,237043.0924,0.769607601,0.8,781294.0326,0.2083734
433,000905.SH,600967.SH,20190603,71604.003,10.69,168963.1817,0.423784651,0.5,903108.2062,0.2408616
434,000905.SH,000061.SZ,20190603,111850.357,5.64,169696.4131,0.659120337,0.7,669961.4389,0.1786807
435,000905.SH,600006.SH,20190603,79800,5.08,200000,0.399,0.4,406400,0.1083881
436,000905.SH,600315.SH,20190603,33835.4659,28.28,67124.8461,0.504067687,0.6,1138974.389,0.3037678
437,000905.SH,300199.SZ,20190603,49133.2357,9.57,92774.204,0.529600186,0.6,532709.4794,0.1420752
438,000905.SH,600216.SH,20190603,59660.6791,10.48,96525.8,0.618080131,0.7,708113.2688,0.1888559
439,000905.SH,600694.SH,20190603,18924.7217,28.31,29371.8653,0.644314602,0.7,582062.2547,0.1552377
440,000905.SH,000926.SZ,20190603,70016.0644,6.8,96246.2474,0.727467993,0.8,523579.5859,0.1396402
441,000905.SH,002408.SZ,20190603,76288.3447,8.09,177520.9253,0.429742829,0.5,718072.1428,0.1915119
442,000905.SH,600160.SH,20190603,148394.3112,7.23,274516.6103,0.540565873,0.6,1190853.055,0.317604
443,000905.SH,000039.SZ,20190603,83560.0258,12.26,298511.1236,0.279922653,0.3,1097923.913,0.2928195
444,000905.SH,000006.SZ,20190603,86178.803,5.49,134999.5046,0.638363846,0.7,518803.0962,0.1383663
445,000905.SH,600291.SH,20190603,48258.5875,10.08,109306.4378,0.441498126,0.5,550904.4465,0.1469278
446,000905.SH,600312.SH,20190603,80742.3736,7.46,135692.1309,0.595040944,0.6,607357.9779,0.1619841
447,000905.SH,002500.SZ,20190603,146453.6207,7.99,282872.5153,0.517737188,0.6,1356090.838,0.3616734
448,000905.SH,002699.SZ,20190603,31048.7504,6.44,90957.2725,0.341355337,0.4,234305.934,0.0624901
449,000905.SH,300459.SZ,20190603,51035.9501,5.94,197123.2995,0.258903692,0.3,351273.7197,0.0936857
450,000905.SH,601106.SH,20190603,247721.9039,3.09,685778.2927,0.361227392,0.4,847621.9698,0.2260632
451,000905.SH,600633.SH,20190603,68741.934,9.25,130192.3953,0.528002683,0.6,722567.7939,0.1927109
452,000905.SH,600549.SH,20190603,72553.6294,14.56,141330.631,0.513360967,0.6,1234664.392,0.3292886
453,000905.SH,600874.SH,20190603,37166.3244,8.04,142722.843,0.260409081,0.3,344247.4973,0.0918118
454,000905.SH,000930.SZ,20190603,81241.1115,7.7,184764.4377,0.439701019,0.5,711343.0851,0.1897173
455,000905.SH,002936.SZ,20190603,60000,5.1,592193.19,0.101318288,0.11,332220.3796,0.0886041
456,000905.SH,601777.SH,20190603,64345.2323,4.5,131375.7579,0.489780103,0.5,295595.4553,0.0788362
457,000905.SH,002920.SZ,20190603,12235,22.1,55000,0.222454545,0.3,364650,0.0972532
458,000905.SH,600458.SH,20190603,40320.222,8.87,80279.8152,0.502246074,0.6,427249.1765,0.1139486
459,000905.SH,600901.SH,20190603,64558.69,6.12,298664.9968,0.216157537,0.3,548348.9341,0.1462462
460,000905.SH,002353.SZ,20190603,46559.0758,21.24,95785.3992,0.486076962,0.5,1017240.94,0.2713011
461,000905.SH,600640.SH,20190603,24363.2395,13.38,79569.594,0.306187807,0.4,425856.4671,0.1135772
462,000905.SH,002818.SZ,20190603,14365.4745,12.39,75649.49,0.189895193,0.2,187459.4362,0.049996
463,000905.SH,600863.SH,20190603,250239.4473,3.04,580786.8276,0.430862815,0.5,882795.978,0.2354442
464,000905.SH,000400.SZ,20190603,59198.9401,8.87,100832.7309,0.587100434,0.6,536631.7938,0.1431213
465,000905.SH,603866.SH,20190603,17243.4088,40.59,65887.64,0.26170931,0.3,802313.7923,0.2139794
466,000905.SH,002839.SZ,20190603,86021.4934,5.54,180752.6665,0.475907189,0.5,500684.8862,0.1335341
467,000905.SH,600026.SH,20190603,119910.8266,6.31,403203.2861,0.29739546,0.3,763263.8206,0.2035647
468,000905.SH,002093.SZ,20190603,45395.8544,8.16,100750,0.4505792,0.5,411060,0.1096309
469,000905.SH,000766.SZ,20190603,44237.5252,7.07,96649.4707,0.457710993,0.5,341655.8789,0.0911206
470,000905.SH,002745.SZ,20190603,33794.1236,11.61,127716.854,0.264601911,0.3,444837.8025,0.1186395
471,000905.SH,600171.SH,20190603,49560.7773,14.67,69960.9514,0.70840628,0.8,821061.7256,0.2189795
472,000905.SH,002157.SZ,20190603,118887.2933,19.8,237183.6739,0.501245686,0.6,2817742.046,0.7515
473,000905.SH,600598.SH,20190603,63741.7788,11.35,177767.9909,0.358567245,0.4,807066.6787,0.215247
474,000905.SH,002078.SZ,20190603,131568.7704,6.22,259155.3638,0.507682992,0.6,967167.8177,0.2579465
475,000905.SH,600466.SH,20190603,121446.5794,5.87,298410.8035,0.406977824,0.5,875835.7083,0.2335879
476,000905.SH,600572.SH,20190603,171865.0851,6.24,266732.02,0.644336158,0.7,1165085.463,0.3107317
477,000905.SH,600155.SH,20190603,57973.9837,14.29,173955.6648,0.333268731,0.4,994330.58,0.2651908
478,000905.SH,300027.SZ,20190603,158051.7551,5.24,279495.5919,0.565489259,0.6,878734.1409,0.2343609
479,000905.SH,600161.SH,20190603,39316.8189,27.1,87113.9006,0.451326581,0.5,1180393.353,0.3148143
480,000905.SH,002131.SZ,20190603,439365.8651,2.01,664694.2425,0.661004469,0.7,935224.7992,0.2494272
481,000905.SH,600392.SH,20190603,92135.1718,11.84,175516.7067,0.524936763,0.6,1246870.684,0.332544
482,000905.SH,002299.SZ,20190603,41929.916,26.65,123948.0517,0.338286205,0.4,1321286.231,0.3523909
483,000905.SH,600787.SH,20190603,85364.2668,5.77,219980.1033,0.38805449,0.4,507714.0784,0.1354088
484,000905.SH,000027.SZ,20190603,103890.679,5.93,396449.1597,0.262052968,0.3,705283.0551,0.188101
485,000905.SH,000012.SZ,20190603,127438.8106,4.57,286327.7201,0.445080241,0.5,654258.8404,0.1744927
486,000905.SH,601098.SH,20190603,63411.652,12.82,179600,0.353071559,0.4,920988.8,0.2456304
487,000905.SH,000089.SZ,20190603,88247.3977,8.54,205076.9509,0.430313584,0.5,875678.5803,0.233546
488,000905.SH,601016.SH,20190603,195521.46,2.75,415556,0.470505684,0.5,571389.5,0.1523912
489,000905.SH,002640.SZ,20190603,85907.8838,8.37,155804.133,0.551383857,0.6,782448.3559,0.2086812
490,000905.SH,600409.SH,20190603,112978.0565,5.75,206434.9448,0.547281647,0.6,712200.5596,0.189946
491,000905.SH,603712.SH,20190603,21919.04,21.18,77200,0.283925389,0.3,490528.8,0.1308255
492,000905.SH,000028.SZ,20190603,12280.2064,41.8,42812.6983,0.286835609,0.3,536871.2367,0.1431851
493,000905.SH,000830.SZ,20190603,97186.2251,11.38,146486.0778,0.663450251,0.7,1166908.096,0.3112178
494,000905.SH,600497.SH,20190603,225531.0952,4.93,509129.1568,0.442974228,0.5,1255003.372,0.334713
495,000905.SH,002916.SZ,20190603,9872.0885,83.12,33936,0.290903126,0.3,846228.096,0.2256915
496,000905.SH,002371.SZ,20190603,18282.0511,65.45,45800.4372,0.399167611,0.4,1199055.446,0.3197916
497,000905.SH,603939.SH,20190603,13671.9658,62.45,37680.6006,0.36283832,0.4,941261.403,0.2510371
498,000905.SH,002405.SZ,20190603,79426.9659,21.48,130898.3582,0.606783515,0.7,1968187.714,0.5249214
499,000905.SH,002373.SZ,20190603,71269.1163,18.41,148662.5775,0.479401861,0.5,1368439.026,0.3649666
