,股票代码,股票名称,状态,税前派息,分红点数,每股转送,预案公告日,股权登记日,派息日,是否预测
40,002601.SZ,龙蟒佰利,去年有分红，今年已有公告，实际派息日和股权登记日,0.1,0.017364467560072233,0.0,2019-04-23 00:00:00,2019-06-14 00:00:00,2019-06-17 00:00:00,False
174,601997.SH,贵阳银行,去年有分红，今年已有公告，实际派息日和股权登记日,0.4,0.16114735772423205,0.4,2019-04-16 00:00:00,2019-06-14 00:00:00,2019-06-17 00:00:00,False
268,002007.SZ,华兰生物,去年有分红，今年已有公告，实际派息日和股权登记日,0.4,0.06771551629156364,0.5,2019-03-29 00:00:00,2019-06-14 00:00:00,2019-06-17 00:00:00,False
95,600023.SH,浙能电力,去年有分红，今年已有公告，实际派息日和股权登记日,0.18,0.2218826708785665,0.0,2019-04-16 00:00:00,2019-06-17 00:00:00,2019-06-18 00:00:00,False
193,600111.SH,北方稀土,去年有分红，今年已有公告，实际派息日和股权登记日,0.05,0.03518021821923679,0.0,2019-04-20 00:00:00,2019-06-17 00:00:00,2019-06-18 00:00:00,False
68,601162.SH,天风证券,去年无分红，今年已有公告，实际派息日和股权登记日,0.007,0.0010161136149140367,0.0,2019-04-16 00:00:00,2019-06-17 00:00:00,2019-06-18 00:00:00,False
204,601166.SH,兴业银行,去年有分红，今年已有公告，实际派息日和股权登记日,0.69,3.2395113559666613,0.0,2019-04-30 00:00:00,2019-06-18 00:00:00,2019-06-19 00:00:00,False
41,002601.SZ,龙蟒佰利,去年有分红，今年已有公告，实际派息日和股权登记日,0.6,0.1041868053604334,0.0,2019-04-23 00:00:00,2019-06-18 00:00:00,2019-06-19 00:00:00,False
7,600585.SH,海螺水泥,去年有分红，今年已有公告，实际派息日和股权登记日,1.69,1.0149955080058009,0.0,2019-03-22 00:00:00,2019-06-18 00:00:00,2019-06-19 00:00:00,False
253,601628.SH,中国人寿,去年有分红，今年已有公告，实际派息日和股权登记日,0.16,0.07858424100365147,0.0,2019-03-28 00:00:00,2019-06-18 00:00:00,2019-06-19 00:00:00,False
1,601288.SH,农业银行,去年有分红，今年已有公告，实际派息日和股权登记日,0.1739,1.9505986755574931,0.0,2019-03-30 00:00:00,2019-06-18 00:00:00,2019-06-19 00:00:00,False
233,002466.SZ,天齐锂业,去年有分红，今年已有公告，实际派息日和股权登记日,0.1800102,0.03787771041445056,0.0,2019-03-29 00:00:00,2019-06-18 00:00:00,2019-06-19 00:00:00,False
298,601138.SH,工业富联,去年无分红，今年已有公告，实际派息日和股权登记日,0.129,0.05110869794610544,0.0,2019-03-30 00:00:00,2019-06-19 00:00:00,2019-06-20 00:00:00,False
29,000786.SZ,北新建材,去年有分红，今年已有公告，实际派息日和股权登记日,0.46,0.11606332461849629,0.0,2019-03-20 00:00:00,2019-06-19 00:00:00,2019-06-20 00:00:00,False
188,000768.SZ,中航飞机,去年有分红，今年已有公告，实际派息日和股权登记日,0.1,0.04113874702369316,0.0,2019-03-19 00:00:00,2019-06-19 00:00:00,2019-06-20 00:00:00,False
76,000876.SZ,新希望,去年有分红，今年已有公告，实际派息日和股权登记日,0.03,0.01980550139992233,0.0,2019-04-04 00:00:00,2019-06-20 00:00:00,2019-06-21 00:00:00,False
270,002010.SZ,传化智联,去年有分红，今年已有公告，实际派息日和股权登记日,0.1,0.036560156235494884,0.0,2019-04-16 00:00:00,2019-06-20 00:00:00,2019-06-21 00:00:00,False
166,000596.SZ,古井贡酒,去年有分红，今年已有公告，实际派息日和股权登记日,1.5,0.06718008637904999,0.0,2019-04-27 00:00:00,2019-06-20 00:00:00,2019-06-21 00:00:00,False
163,600271.SH,航天信息,去年有分红，今年已有公告，实际派息日和股权登记日,0.44,0.14365058094807037,0.0,2019-03-29 00:00:00,2019-06-20 00:00:00,2019-06-21 00:00:00,False
23,000963.SZ,华东医药,去年有分红，今年已有公告，实际派息日和股权登记日,0.33,0.07314394957161599,0.2,2019-04-19 00:00:00,2019-06-20 00:00:00,2019-06-21 00:00:00,False
84,300003.SZ,乐普医疗,去年有分红，今年已有公告，实际派息日和股权登记日,0.165,0.05414698948957846,0.0,2019-03-29 00:00:00,2019-06-20 00:00:00,2019-06-21 00:00:00,False
217,300122.SZ,智飞生物,去年有分红，今年已有公告，实际派息日和股权登记日,0.5,0.07528109867041667,0.0,2019-04-04 00:00:00,2019-06-21 00:00:00,2019-06-24 00:00:00,False
199,601888.SH,中国国旅,去年有分红，今年已有公告，实际派息日和股权登记日,0.55,0.15206161171394345,0.0,2019-04-27 00:00:00,2019-06-21 00:00:00,2019-06-24 00:00:00,False
227,002939.SZ,长城证券,去年无分红，今年已有公告，实际派息日和股权登记日,0.2,0.019223661127979696,0.0,2019-04-23 00:00:00,2019-06-21 00:00:00,2019-06-24 00:00:00,False
241,601933.SH,永辉超市,去年有分红，今年已有公告，实际派息日和股权登记日,0.11,0.12443006032981492,0.0,2019-04-26 00:00:00,2019-06-21 00:00:00,2019-06-24 00:00:00,False
124,601838.SH,成都银行,去年有分红，今年已有预案，预测派息日和股权登记日,0.35,0.21319581617316669,0.0,2019-04-25 00:00:00,2019-06-25 00:00:00,2019-06-25 00:00:00,True
191,600153.SH,建发股份,去年有分红，今年已有公告，实际派息日和股权登记日,0.5,0.24168999636477578,0.0,2019-04-23 00:00:00,2019-06-24 00:00:00,2019-06-25 00:00:00,False
34,600025.SH,华能水电,去年有分红，今年已有预案，预测派息日和股权登记日,0.15022,0.07902674311390945,0.0,2019-04-26 00:00:00,2019-06-25 00:00:00,2019-06-26 00:00:00,True
113,601117.SH,中国化学,去年有分红，今年已有预案，预测派息日和股权登记日,0.118,0.0990805106303366,0.0,2019-04-12 00:00:00,2019-06-25 00:00:00,2019-06-26 00:00:00,True
122,300142.SZ,沃森生物,去年无分红，今年已有预案，预测派息日和股权登记日,0.03,0.010417134441119653,0.0,2019-04-26 00:00:00,2019-06-26 00:00:00,2019-06-26 00:00:00,True
37,002044.SZ,美年健康,去年有分红，今年已有预案，预测派息日和股权登记日,0.053,0.03226687015284834,0.2,2019-04-26 00:00:00,2019-06-26 00:00:00,2019-06-26 00:00:00,True
225,600703.SH,三安光电,去年有分红，今年已有预案，预测派息日和股权登记日,0.2,0.14522314181253798,0.0,2019-04-26 00:00:00,2019-06-26 00:00:00,2019-06-26 00:00:00,True
65,000709.SZ,河钢股份,去年有分红，今年已有预案，预测派息日和股权登记日,0.1,0.12558572071422483,0.0,2019-04-26 00:00:00,2019-06-25 00:00:00,2019-06-26 00:00:00,True
159,002311.SZ,海大集团,去年有分红，今年已有预案，预测派息日和股权登记日,0.3,0.06957351298292201,0.0,2019-04-16 00:00:00,2019-06-26 00:00:00,2019-06-27 00:00:00,True
119,601006.SH,大秦铁路,去年有分红，今年已有预案，预测派息日和股权登记日,0.48,0.8343970821303281,0.0,2019-04-25 00:00:00,2019-06-26 00:00:00,2019-06-27 00:00:00,True
282,601211.SH,国泰君安,去年有分红，今年已有预案，预测派息日和股权登记日,0.275,0.3566267585302121,0.0,2019-03-21 00:00:00,2019-06-27 00:00:00,2019-06-28 00:00:00,True
304,601669.SH,中国电建,去年有分红，今年已有预案，预测派息日和股权登记日,0.09684,0.20423116575983705,0.0,2019-04-27 00:00:00,2019-06-27 00:00:00,2019-06-28 00:00:00,True
77,002027.SZ,分众传媒,去年有分红，今年已有预案，预测派息日和股权登记日,0.1,0.301765125288989,0.0,2019-04-25 00:00:00,2019-06-27 00:00:00,2019-06-28 00:00:00,True
306,000898.SZ,鞍钢股份,去年有分红，今年已有预案，预测派息日和股权登记日,0.22,0.14107193385820352,0.3,2019-03-19 00:00:00,2019-06-27 00:00:00,2019-06-28 00:00:00,True
89,600406.SH,国电南瑞,去年有分红，今年已有预案，预测派息日和股权登记日,0.37,0.24718746230314959,0.0,2019-04-29 00:00:00,2019-06-27 00:00:00,2019-06-28 00:00:00,True
90,600372.SH,中航电子,去年有分红，今年已有预案，预测派息日和股权登记日,0.05,0.008147308342591555,0.0,2019-03-21 00:00:00,2019-06-27 00:00:00,2019-06-28 00:00:00,True
288,600050.SH,中国联通,去年有分红，今年已有预案，预测派息日和股权登记日,0.0533,0.14625812761278092,0.0,2019-03-14 00:00:00,2019-06-27 00:00:00,2019-06-28 00:00:00,True
75,601899.SH,紫金矿业,去年有分红，今年已有预案，预测派息日和股权登记日,0.1,0.3246099437483363,0.0,2019-03-23 00:00:00,2019-06-27 00:00:00,2019-06-28 00:00:00,True
299,600015.SH,华夏银行,去年有分红，今年已有预案，预测派息日和股权登记日,0.174,0.31205444329034177,0.0,2019-04-19 00:00:00,2019-06-27 00:00:00,2019-06-28 00:00:00,True
52,000651.SZ,格力电器,去年无分红，今年已有预案，预测派息日和股权登记日,1.5,2.175735466392212,0.0,2019-04-29 00:00:00,2019-07-01 00:00:00,2019-07-01 00:00:00,True
46,002001.SZ,新和成,去年有分红，今年已有预案，预测派息日和股权登记日,0.7,0.25982504272466345,0.0,2019-04-29 00:00:00,2019-07-01 00:00:00,2019-07-01 00:00:00,True
91,600690.SH,青岛海尔,去年有分红，今年已有预案，预测派息日和股权登记日,0.351,0.38715630135114515,0.0,2019-04-30 00:00:00,2019-07-01 00:00:00,2019-07-01 00:00:00,True
212,000728.SZ,国元证券,去年有分红，今年已有预案，预测派息日和股权登记日,0.15,0.09185178243485483,0.0,2019-03-26 00:00:00,2019-06-28 00:00:00,2019-07-01 00:00:00,True
259,300433.SZ,蓝思科技,去年有分红，今年已有预案，预测派息日和股权登记日,0.025,0.00875208770027105,0.0,2019-04-26 00:00:00,2019-06-28 00:00:00,2019-07-01 00:00:00,True
236,000425.SZ,徐工机械,去年有分红，今年已有预案，预测派息日和股权登记日,0.06,0.08038047781964452,0.0,2019-04-30 00:00:00,2019-07-01 00:00:00,2019-07-01 00:00:00,True
176,601998.SH,中信银行,去年有分红，今年已有预案，预测派息日和股权登记日,0.23,0.22981684944684172,0.0,2019-03-27 00:00:00,2019-07-01 00:00:00,2019-07-02 00:00:00,True
25,002714.SZ,牧原股份,去年有分红，今年已有预案，预测派息日和股权登记日,0.05,0.012917030153947306,0.0,2019-03-27 00:00:00,2019-07-01 00:00:00,2019-07-02 00:00:00,True
59,600926.SH,杭州银行,去年有分红，今年已有预案，预测派息日和股权登记日,0.25,0.15030871441786497,0.0,2019-04-26 00:00:00,2019-07-02 00:00:00,2019-07-03 00:00:00,True
18,002146.SZ,荣盛发展,去年有分红，今年已有预案，预测派息日和股权登记日,0.45,0.22216949064924968,0.0,2019-04-03 00:00:00,2019-07-02 00:00:00,2019-07-03 00:00:00,True
11,601111.SH,中国国航,去年有分红，今年已有预案，预测派息日和股权登记日,0.10328,0.08892547518644349,0.0,2019-03-28 00:00:00,2019-07-02 00:00:00,2019-07-03 00:00:00,True
49,002024.SZ,苏宁易购,去年有分红，今年已有预案，预测派息日和股权登记日,0.12,0.12908093391486938,0.0,2019-03-30 00:00:00,2019-07-03 00:00:00,2019-07-04 00:00:00,True
160,002555.SZ,三七互娱,去年有分红，今年已有预案，预测派息日和股权登记日,0.2,0.059433804818330424,0.0,2019-04-26 00:00:00,2019-07-03 00:00:00,2019-07-04 00:00:00,True
94,600089.SH,特变电工,去年有分红，今年已有预案，预测派息日和股权登记日,0.18,0.19803204875860989,0.0,2019-04-16 00:00:00,2019-07-03 00:00:00,2019-07-04 00:00:00,True
71,600016.SH,民生银行,去年有分红，今年已有预案，预测派息日和股权登记日,0.345,3.481376833030659,0.0,2019-03-30 00:00:00,2019-07-03 00:00:00,2019-07-04 00:00:00,True
302,603160.SH,汇顶科技,去年有分红，今年已有预案，预测派息日和股权登记日,0.5,0.02059398674208757,0.0,2019-04-13 00:00:00,2019-07-04 00:00:00,2019-07-05 00:00:00,True
294,000625.SZ,长安汽车,去年有分红，今年已有预案，预测派息日和股权登记日,0.018,0.013677535974801173,0.0,2019-04-23 00:00:00,2019-07-04 00:00:00,2019-07-05 00:00:00,True
190,601788.SH,光大证券,去年有分红，今年已有预案，预测派息日和股权登记日,0.1,0.052579337370854316,0.0,2019-03-28 00:00:00,2019-07-04 00:00:00,2019-07-05 00:00:00,True
251,601800.SH,中国交建,去年有分红，今年已有预案，预测派息日和股权登记日,0.23077,0.324719211506888,0.0,2019-03-30 00:00:00,2019-07-04 00:00:00,2019-07-05 00:00:00,True
67,000413.SZ,东旭光电,去年有分红，今年已有预案，预测派息日和股权登记日,0.07,0.08263407852183963,0.0,2019-04-30 00:00:00,2019-07-05 00:00:00,2019-07-08 00:00:00,True
63,601088.SH,中国神华,去年有分红，今年已有预案，预测派息日和股权登记日,0.88,0.6780420241704208,0.0,2019-03-23 00:00:00,2019-07-05 00:00:00,2019-07-08 00:00:00,True
246,002558.SZ,巨人网络,去年有分红，今年已有预案，预测派息日和股权登记日,0.17,0.029957511327461498,0.0,2019-04-27 00:00:00,2019-07-05 00:00:00,2019-07-08 00:00:00,True
213,600795.SH,国电电力,去年有分红，今年已有预案，预测派息日和股权登记日,0.04,0.13796544658912413,0.0,2019-04-16 00:00:00,2019-07-08 00:00:00,2019-07-09 00:00:00,True
216,600958.SH,东方证券,去年有分红，今年已有预案，预测派息日和股权登记日,0.1,0.12312232297162318,0.0,2019-03-29 00:00:00,2019-07-08 00:00:00,2019-07-09 00:00:00,True
60,601225.SH,陕西煤业,去年有分红，今年已有预案，预测派息日和股权登记日,0.33,0.3885867928080012,0.0,2019-04-11 00:00:00,2019-07-08 00:00:00,2019-07-09 00:00:00,True
51,600919.SH,江苏银行,去年有分红，今年已有预案，预测派息日和股权登记日,0.34,0.6964728218296731,0.0,2019-04-27 00:00:00,2019-07-08 00:00:00,2019-07-09 00:00:00,True
79,600522.SH,中天科技,去年有分红，今年已有预案，预测派息日和股权登记日,0.1,0.07007700118319084,0.0,2019-04-29 00:00:00,2019-07-08 00:00:00,2019-07-09 00:00:00,True
19,601108.SH,财通证券,去年有分红，今年已有预案，预测派息日和股权登记日,0.07,0.049725352940617515,0.0,2019-04-27 00:00:00,2019-07-09 00:00:00,2019-07-10 00:00:00,True
152,600038.SH,中直股份,去年有分红，今年已有预案，预测派息日和股权登记日,0.26,0.023124498224898003,0.0,2019-03-21 00:00:00,2019-07-09 00:00:00,2019-07-10 00:00:00,True
211,600383.SH,金地集团,去年有分红，今年已有预案，预测派息日和股权登记日,0.6,0.7733930838016013,0.0,2019-04-30 00:00:00,2019-07-09 00:00:00,2019-07-10 00:00:00,True
88,002065.SZ,东华软件,去年有分红，今年已有预案，预测派息日和股权登记日,0.1,0.05585083065401584,0.0,2019-04-30 00:00:00,2019-07-09 00:00:00,2019-07-10 00:00:00,True
146,002411.SZ,延安必康,去年有分红，今年无预案无公告，预测分红情况,0.03639843999270891,0.00848924819377186,,,2019-07-10 00:00:00,2019-07-10 00:00:00,True
206,601212.SH,白银有色,去年有分红，今年无预案无公告，预测分红情况,0.0023243406707180317,0.0005661647361206618,,,2019-07-10 00:00:00,2019-07-10 00:00:00,True
144,600415.SH,小商品城,去年有分红，今年已有预案，预测派息日和股权登记日,0.06,0.048202213245587905,0.0,2019-04-26 00:00:00,2019-07-09 00:00:00,2019-07-10 00:00:00,True
226,000001.SZ,平安银行,去年有分红，今年已有预案，预测派息日和股权登记日,0.145,0.3483460853236499,0.0,2019-03-07 00:00:00,2019-07-10 00:00:00,2019-07-11 00:00:00,True
165,600029.SH,南方航空,去年有分红，今年已有预案，预测派息日和股权登记日,0.05,0.055720448318045845,0.0,2019-03-30 00:00:00,2019-07-10 00:00:00,2019-07-11 00:00:00,True
3,600010.SH,包钢股份,去年有分红，今年已有预案，预测派息日和股权登记日,0.007,0.04740441278261093,0.0,2019-04-19 00:00:00,2019-07-10 00:00:00,2019-07-11 00:00:00,True
215,600606.SH,绿地控股,去年有分红，今年已有预案，预测派息日和股权登记日,0.3,0.31734225164657204,0.0,2019-04-23 00:00:00,2019-07-10 00:00:00,2019-07-11 00:00:00,True
197,002142.SZ,宁波银行,去年有分红，今年已有预案，预测派息日和股权登记日,0.4,0.3070336224118678,0.0,2019-03-30 00:00:00,2019-07-10 00:00:00,2019-07-11 00:00:00,True
177,601992.SH,金隅集团,去年有分红，今年已有预案，预测派息日和股权登记日,0.055,0.0714648080931591,0.0,2019-03-29 00:00:00,2019-07-10 00:00:00,2019-07-11 00:00:00,True
116,600036.SH,招商银行,去年有分红，今年已有预案，预测派息日和股权登记日,0.94,3.387793958875992,0.0,2019-03-23 00:00:00,2019-07-10 00:00:00,2019-07-11 00:00:00,True
222,601169.SH,北京银行,去年有分红，今年已有预案，预测派息日和股权登记日,0.286,1.0711043614798426,0.0,2019-04-25 00:00:00,2019-07-10 00:00:00,2019-07-11 00:00:00,True
96,600004.SH,白云机场,去年有分红，今年已有预案，预测派息日和股权登记日,0.17,0.051496503682868726,0.0,2019-04-30 00:00:00,2019-07-11 00:00:00,2019-07-12 00:00:00,True
93,300072.SZ,三聚环保,去年有分红，今年已有预案，预测派息日和股权登记日,0.03,0.010509994490265488,0.0,2019-04-16 00:00:00,2019-07-11 00:00:00,2019-07-12 00:00:00,True
92,600208.SH,新湖中宝,去年有分红，今年已有预案，预测派息日和股权登记日,0.059,0.07375905669746055,0.0,2019-04-27 00:00:00,2019-07-11 00:00:00,2019-07-12 00:00:00,True
78,002310.SZ,东方园林,去年有分红，今年已有预案，预测派息日和股权登记日,0.094,0.03700785560103317,0.0,2019-04-22 00:00:00,2019-07-11 00:00:00,2019-07-12 00:00:00,True
155,601398.SH,工商银行,去年有分红，今年已有预案，预测派息日和股权登记日,0.2506,1.8234550959539846,0.0,2019-03-29 00:00:00,2019-07-11 00:00:00,2019-07-12 00:00:00,True
235,601607.SH,上海医药,去年有分红，今年已有预案，预测派息日和股权登记日,0.41,0.14254145592695186,0.0,2019-03-29 00:00:00,2019-07-12 00:00:00,2019-07-15 00:00:00,True
252,000568.SZ,泸州老窖,去年有分红，今年已有预案，预测派息日和股权登记日,1.55,0.3303683120022422,0.0,2019-04-26 00:00:00,2019-07-12 00:00:00,2019-07-15 00:00:00,True
61,600332.SH,白云山,去年有分红，今年已有预案，预测派息日和股权登记日,0.424,0.06103996397829041,0.0,2019-03-18 00:00:00,2019-07-12 00:00:00,2019-07-15 00:00:00,True
229,601328.SH,交通银行,去年有分红，今年已有预案，预测派息日和股权登记日,0.3,2.5409813235687566,0.0,2019-04-30 00:00:00,2019-07-12 00:00:00,2019-07-15 00:00:00,True
221,601766.SH,中国中车,去年有分红，今年已有预案，预测派息日和股权登记日,0.15,0.49818740559313435,0.0,2019-03-29 00:00:00,2019-07-12 00:00:00,2019-07-15 00:00:00,True
44,600741.SH,华域汽车,去年有分红，今年已有预案，预测派息日和股权登记日,1.05,0.504135474859964,0.0,2019-03-30 00:00:00,2019-07-12 00:00:00,2019-07-15 00:00:00,True
148,601939.SH,建设银行,去年有分红，今年已有预案，预测派息日和股权登记日,0.306,0.872627726963359,0.0,2019-03-28 00:00:00,2019-07-15 00:00:00,2019-07-16 00:00:00,True
110,600104.SH,上汽集团,去年有分红，今年已有预案，预测派息日和股权登记日,1.26,1.3024304221281733,0.0,2019-04-02 00:00:00,2019-07-15 00:00:00,2019-07-16 00:00:00,True
244,600688.SH,上海石化,去年有分红，今年已有预案，预测派息日和股权登记日,0.25,0.16145216118885825,0.0,2019-03-20 00:00:00,2019-07-15 00:00:00,2019-07-16 00:00:00,True
272,002475.SZ,立讯精密,去年有分红，今年已有预案，预测派息日和股权登记日,0.05,0.03653940387836905,0.3,2019-04-16 00:00:00,2019-07-15 00:00:00,2019-07-16 00:00:00,True
209,000783.SZ,长江证券,去年有分红，今年已有预案，预测派息日和股权登记日,0.02,0.02620394673958228,0.0,2019-04-20 00:00:00,2019-07-15 00:00:00,2019-07-16 00:00:00,True
123,600674.SH,川投能源,去年有分红，今年已有预案，预测派息日和股权登记日,0.3,0.15480975996012844,0.0,2019-04-19 00:00:00,2019-07-15 00:00:00,2019-07-16 00:00:00,True
262,601618.SH,中国中冶,去年有分红，今年已有预案，预测派息日和股权登记日,0.07,0.12739355882512327,0.0,2019-03-30 00:00:00,2019-07-15 00:00:00,2019-07-16 00:00:00,True
83,601228.SH,广州港,去年有分红，今年已有预案，预测派息日和股权登记日,0.035,0.019570586863844077,0.0,2019-03-28 00:00:00,2019-07-15 00:00:00,2019-07-16 00:00:00,True
301,601229.SH,上海银行,去年有分红，今年已有预案，预测派息日和股权登记日,0.45,0.7066385967126629,0.3,2019-04-20 00:00:00,2019-07-15 00:00:00,2019-07-16 00:00:00,True
2,601898.SH,中煤能源,去年有分红，今年已有预案，预测派息日和股权登记日,0.078,0.03629468207759974,0.0,2019-03-16 00:00:00,2019-07-16 00:00:00,2019-07-17 00:00:00,True
14,601186.SH,中国铁建,去年有分红，今年已有预案，预测派息日和股权登记日,0.21,0.3243908519535962,0.0,2019-03-30 00:00:00,2019-07-16 00:00:00,2019-07-17 00:00:00,True
250,000961.SZ,中南建设,去年有分红，今年已有预案，预测派息日和股权登记日,0.12,0.06663593627913371,0.0,2019-04-23 00:00:00,2019-07-16 00:00:00,2019-07-17 00:00:00,True
141,601390.SH,中国中铁,去年有分红，今年已有预案，预测派息日和股权登记日,0.128,0.34139896241669343,0.0,2019-03-30 00:00:00,2019-07-16 00:00:00,2019-07-17 00:00:00,True
290,000415.SZ,渤海租赁,去年有分红，今年无预案无公告，预测分红情况,0.0650410382084101,0.03553534967192629,,,2019-07-18 00:00:00,2019-07-18 00:00:00,True
214,601985.SH,中国核电,去年有分红，今年已有预案，预测派息日和股权登记日,0.12,0.1654837341385277,0.0,2019-04-26 00:00:00,2019-07-17 00:00:00,2019-07-18 00:00:00,True
200,600369.SH,西南证券,去年有分红，今年已有预案，预测派息日和股权登记日,0.03,0.024923120152764593,0.0,2019-03-30 00:00:00,2019-07-18 00:00:00,2019-07-19 00:00:00,True
108,600115.SH,东方航空,去年有分红，今年无预案无公告，预测分红情况,0.025255029907558454,0.03351462509539315,,,2019-07-23 00:00:00,2019-07-23 00:00:00,True
121,600498.SH,烽火通信,去年有分红，今年已有预案，预测派息日和股权登记日,0.34,0.06921557818007416,0.0,2019-04-27 00:00:00,2019-07-23 00:00:00,2019-07-24 00:00:00,True
131,600362.SH,江西铜业,去年有分红，今年已有预案，预测派息日和股权登记日,0.2,0.0589193748922967,0.0,2019-03-28 00:00:00,2019-07-23 00:00:00,2019-07-24 00:00:00,True
179,600705.SH,中航资本,去年有分红，今年无预案无公告，预测分红情况,0.057075870903104335,0.092161218908367,,,2019-07-25 00:00:00,2019-07-25 00:00:00,True
137,600482.SH,中国动力,去年有分红，今年无预案无公告，预测分红情况,0.2345670741322896,0.04677728730266518,,,2019-07-25 00:00:00,2019-07-25 00:00:00,True
87,600027.SH,华电国际,去年有分红，今年已有预案，预测派息日和股权登记日,0.066,0.13803541638049274,0.0,2019-03-28 00:00:00,2019-07-25 00:00:00,2019-07-26 00:00:00,True
237,601216.SH,君正集团,去年有分红，今年无预案无公告，预测分红情况,0.027908107790313077,0.027328124204381344,,,2019-07-26 00:00:00,2019-07-26 00:00:00,True
264,601818.SH,光大银行,去年有分红，今年已有预案，预测派息日和股权登记日,0.161,0.980206869277117,0.0,2019-03-29 00:00:00,2019-07-25 00:00:00,2019-07-26 00:00:00,True
220,600977.SH,中国电影,去年有分红，今年已有预案，预测派息日和股权登记日,0.281,0.062050996937746926,0.0,2019-04-27 00:00:00,2019-07-26 00:00:00,2019-07-29 00:00:00,True
279,000338.SZ,潍柴动力,去年有分红，今年已有预案，预测派息日和股权登记日,0.28,0.3718029962604297,0.0,2019-03-26 00:00:00,2019-07-29 00:00:00,2019-07-30 00:00:00,True
72,600339.SH,中油工程,去年有分红，今年已有预案，预测派息日和股权登记日,0.052,0.026393726814827677,0.0,2019-04-23 00:00:00,2019-07-29 00:00:00,2019-07-30 00:00:00,True
173,600837.SH,海通证券,去年有分红，今年已有预案，预测派息日和股权登记日,0.15,0.3421696554204231,0.0,2019-03-28 00:00:00,2019-07-30 00:00:00,2019-07-31 00:00:00,True
17,300136.SZ,信维通信,去年有分红，今年无预案无公告，预测分红情况,0.09177830322719348,0.02087350290129427,,,2019-07-31 00:00:00,2019-07-31 00:00:00,True
277,601901.SH,方正证券,去年有分红，今年已有预案，预测派息日和股权登记日,0.026,0.03275419235182302,0.0,2019-03-30 00:00:00,2019-07-31 00:00:00,2019-08-01 00:00:00,True
64,600196.SH,复星医药,去年有分红，今年已有预案，预测派息日和股权登记日,0.32,0.1020608256446598,0.0,2019-03-26 00:00:00,2019-08-01 00:00:00,2019-08-02 00:00:00,True
286,600886.SH,国投电力,去年有分红，今年已有预案，预测派息日和股权登记日,0.225,0.22116048977669014,0.0,2019-03-29 00:00:00,2019-08-05 00:00:00,2019-08-06 00:00:00,True
150,601601.SH,中国太保,去年有分红，今年已有预案，预测派息日和股权登记日,1.0,0.7952520508037734,0.0,2019-03-25 00:00:00,2019-08-06 00:00:00,2019-08-07 00:00:00,True
135,002739.SZ,万达电影,去年有分红，今年无预案无公告，预测分红情况,0.08429633084711464,0.020288305856843013,,,2019-08-07 00:00:00,2019-08-07 00:00:00,True
207,600085.SH,同仁堂,去年有分红，今年已有预案，预测派息日和股权登记日,0.26,0.054078722235005074,0.0,2019-03-26 00:00:00,2019-08-06 00:00:00,2019-08-07 00:00:00,True
24,601009.SH,南京银行,去年有分红，今年已有预案，预测派息日和股权登记日,0.392,0.6844274792715794,0.0,2019-04-30 00:00:00,2019-08-06 00:00:00,2019-08-07 00:00:00,True
56,600489.SH,中金黄金,去年有分红，今年已有预案，预测派息日和股权登记日,0.02,0.009404030348566,0.0,2019-04-27 00:00:00,2019-08-06 00:00:00,2019-08-07 00:00:00,True
9,000423.SZ,东阿阿胶,去年有分红，今年已有预案，预测派息日和股权登记日,1.0,0.1410680620477036,0.0,2019-03-14 00:00:00,2019-08-07 00:00:00,2019-08-08 00:00:00,True
20,601198.SH,东兴证券,去年有分红，今年已有预案，预测派息日和股权登记日,0.11,0.0452091242464186,0.0,2019-04-27 00:00:00,2019-08-07 00:00:00,2019-08-08 00:00:00,True
139,002202.SZ,金风科技,去年有分红，今年已有预案，预测派息日和股权登记日,0.25,0.19238088277259294,0.0,2019-03-30 00:00:00,2019-08-07 00:00:00,2019-08-08 00:00:00,True
42,601336.SH,新华保险,去年有分红，今年已有预案，预测派息日和股权登记日,0.77,0.21666579345413742,0.0,2019-03-21 00:00:00,2019-08-08 00:00:00,2019-08-09 00:00:00,True
261,600637.SH,东方明珠,去年有分红，今年已有预案，预测派息日和股权登记日,0.27,0.15815111917812277,0.0,2019-04-30 00:00:00,2019-08-09 00:00:00,2019-08-12 00:00:00,True
305,000553.SZ,安道麦A,去年有分红，今年已有预案，预测派息日和股权登记日,0.097,0.009998032862960847,0.0,2019-03-21 00:00:00,2019-08-13 00:00:00,2019-08-14 00:00:00,True
156,000776.SZ,广发证券,去年有分红，今年无预案无公告，预测分红情况,0.28524737800155603,0.25940384565245495,,,2019-08-14 00:00:00,2019-08-14 00:00:00,True
111,601989.SH,中国重工,去年有分红，今年已有预案，预测派息日和股权登记日,0.009,0.023459781430683967,0.0,2019-04-27 00:00:00,2019-08-14 00:00:00,2019-08-15 00:00:00,True
98,002594.SZ,比亚迪,去年有分红，今年已有预案，预测派息日和股权登记日,0.204,0.0484808100901205,0.0,2019-03-28 00:00:00,2019-08-15 00:00:00,2019-08-16 00:00:00,True
0,600809.SH,山西汾酒,去年有分红，今年已有预案，预测派息日和股权登记日,0.75,0.05473715186431748,0.0,2019-04-27 00:00:00,2019-08-15 00:00:00,2019-08-16 00:00:00,True
181,603858.SH,步长制药,去年有分红，今年已有预案，预测派息日和股权登记日,1.614,0.21947317889488072,0.3,2019-04-26 00:00:00,2019-08-15 00:00:00,2019-08-16 00:00:00,True
276,600999.SH,招商证券,去年有分红，今年已有预案，预测派息日和股权登记日,0.264,0.20913658133077262,0.0,2019-03-29 00:00:00,2019-08-15 00:00:00,2019-08-16 00:00:00,True
128,600031.SH,三一重工,去年有分红，今年已有预案，预测派息日和股权登记日,0.26,0.41862898358990436,0.0,2019-04-01 00:00:00,2019-08-19 00:00:00,2019-08-20 00:00:00,True
112,601377.SH,兴业证券,去年有分红，今年已有预案，预测派息日和股权登记日,0.05,0.06839491708737823,0.0,2019-04-03 00:00:00,2019-08-20 00:00:00,2019-08-21 00:00:00,True
242,000002.SZ,万科A,去年有分红，今年已有预案，预测派息日和股权登记日,1.045102,1.6420548504905799,0.0,2019-03-26 00:00:00,2019-08-21 00:00:00,2019-08-22 00:00:00,True
269,600009.SH,上海机场,去年有分红，今年已有预案，预测派息日和股权登记日,0.66,0.17780394622371426,0.0,2019-03-23 00:00:00,2019-08-21 00:00:00,2019-08-22 00:00:00,True
151,000157.SZ,中联重科,去年有分红，今年已有预案，预测派息日和股权登记日,0.25,0.32903698373245954,0.0,2019-03-30 00:00:00,2019-08-22 00:00:00,2019-08-23 00:00:00,True
255,600030.SH,中信证券,去年有分红，今年已有预案，预测派息日和股权登记日,0.35,0.8520627791036333,0.0,2019-03-22 00:00:00,2019-08-22 00:00:00,2019-08-23 00:00:00,True
281,601727.SH,上海电气,去年有分红，今年已有预案，预测派息日和股权登记日,0.06146,0.08056819791461528,0.0,2019-03-30 00:00:00,2019-08-26 00:00:00,2019-08-27 00:00:00,True
171,601318.SH,中国平安,去年有分红，今年金额未满，预测仍将分红,1.4239388687225434,4.558277673926687,,,2019-09-04 00:00:00,2019-09-05 00:00:00,True
104,600028.SH,中国石化,去年有分红，今年金额未满，预测仍将分红,0.3612618296529969,1.4754500734763116,,,2019-09-10 00:00:00,2019-09-11 00:00:00,True
101,601238.SH,广汽集团,去年有分红，今年已有预案，预测派息日和股权登记日,0.28,0.07702306942146028,0.0,2019-03-30 00:00:00,2019-09-12 00:00:00,2019-09-16 00:00:00,True
102,601238.SH,广汽集团,去年有分红，今年金额未满，预测仍将分红,0.19827481959138282,0.054541911406837826,,,2019-09-12 00:00:00,2019-09-16 00:00:00,True
219,601857.SH,中国石油,去年有分红，今年金额未满，预测仍将分红,0.19918897518719716,0.8724796876966672,,,2019-09-19 00:00:00,2019-09-20 00:00:00,True
82,601877.SH,正泰电器,去年有分红，今年金额未满，预测仍将分红,0.4243204473880363,0.13536562354560983,,,2019-09-25 00:00:00,2019-09-26 00:00:00,True
81,601877.SH,正泰电器,去年有分红，今年已有预案，预测派息日和股权登记日,0.6,0.19141046496185385,0.0,2019-04-26 00:00:00,2019-09-25 00:00:00,2019-09-26 00:00:00,True
183,600346.SH,恒力股份,去年有分红，今年已有预案，预测派息日和股权登记日,0.3,0.13413478700367812,0.4,2019-04-10 00:00:00,2019-09-26 00:00:00,2019-09-27 00:00:00,True
195,000627.SZ,天茂集团,去年有分红，今年无预案无公告，预测分红情况,0.025426384554257574,0.018216481460080418,,,2019-10-11 00:00:00,2019-10-11 00:00:00,True
238,601216.SH,君正集团,去年有分红，今年无预案无公告，预测分红情况,0.14884324154833642,0.14574999575670053,,,2019-10-21 00:00:00,2019-10-21 00:00:00,True
280,000338.SZ,潍柴动力,去年有分红，今年金额未满，预测仍将分红,0.25571684348418267,0.3395581735774229,,,2019-10-21 00:00:00,2019-10-22 00:00:00,True
70,600660.SH,福耀玻璃,去年有分红，今年金额未满，预测仍将分红,0.8363921361711288,0.36888998098735987,,,2019-10-22 00:00:00,2019-10-23 00:00:00,True
74,002032.SZ,苏泊尔,去年有分红，今年金额未满，预测仍将分红,0.44695971541266033,0.021528735932076316,,,2019-10-24 00:00:00,2019-10-25 00:00:00,True
6,002602.SZ,世纪华通,去年有分红，今年已有预案，预测派息日和股权登记日,0.1,0.03153234673157979,0.0,2017-10-30 00:00:00,2019-10-29 00:00:00,2019-10-30 00:00:00,True
149,600390.SH,五矿资本,去年有分红，今年无预案无公告，预测分红情况,0.20974366971842676,0.02537212483516477,,,2019-10-30 00:00:00,2019-10-30 00:00:00,True
289,601688.SH,华泰证券,去年有分红，今年已有预案，预测派息日和股权登记日,0.3,0.2838797539224834,0.0,2019-03-30 00:00:00,2019-11-13 00:00:00,2019-11-14 00:00:00,True
243,601066.SH,中信建投,去年有分红，今年已有预案，预测派息日和股权登记日,0.18,0.02799392424277655,0.0,2019-03-19 00:00:00,2019-12-02 00:00:00,2019-12-03 00:00:00,True
168,000895.SZ,双汇发展,去年有分红，今年金额未满，预测仍将分红,1.7276378351340538,0.5162512765906481,,,2019-12-05 00:00:00,2019-12-06 00:00:00,True
180,600705.SH,中航资本,去年有分红，今年无预案无公告，预测分红情况,0.04047198118583762,0.06535068249866023,,,2019-12-27 00:00:00,2019-12-27 00:00:00,True
8,603260.SH,合盛硅业,去年有分红，今年已有预案，预测派息日和股权登记日,0.82,0.025046701080894778,0.4,2019-04-23 00:00:00,,,True
16,600221.SH,海航控股,去年有分红，今年无预案无公告，预测分红情况,0,0,,,,,True
30,001979.SZ,招商蛇口,去年有分红，今年已有预案，预测派息日和股权登记日,0.78,0.5514265674617158,0.0,2019-03-19 00:00:00,,,True
48,300413.SZ,芒果超媒,去年有分红，今年无预案无公告，预测分红情况,0.31896002834800524,0.020638027774711337,,,,,True
55,600018.SH,上港集团,去年有分红，今年已有预案，预测派息日和股权登记日,0.154,0.17131261970117706,0.0,2019-03-28 00:00:00,,,True
58,300024.SZ,机器人,去年有分红，今年无预案无公告，预测分红情况,0.0523679684010835,0.019780487520135833,,,,,True
66,002673.SZ,西部证券,去年有分红，今年已有预案，预测派息日和股权登记日,0.058,0.02952488554616894,0.0,2019-04-26 00:00:00,,,True
97,600170.SH,上海建工,去年有分红，今年已有预案，预测派息日和股权登记日,0.135,0.21183471681567098,0.0,2019-03-29 00:00:00,,,True
99,600900.SH,长江电力,去年有分红，今年已有预案，预测派息日和股权登记日,0.68,1.7735846555916432,0.0,2019-04-30 00:00:00,,,True
125,002456.SZ,欧菲光,去年有分红，今年无预案无公告，预测分红情况,0,0,,,,,True
126,601319.SH,中国人保,去年无分红，今年已有预案，预测派息日和股权登记日,0.0457,0.018246211044362737,0.0,2019-03-23 00:00:00,,,True
130,601298.SH,青岛港,去年无分红，今年已有预案，预测派息日和股权登记日,0.3797,0.0516523489646766,0.0,2019-03-29 00:00:00,,,True
132,601555.SH,东吴证券,去年有分红，今年已有预案，预测派息日和股权登记日,0.09,0.0649393576434,0.0,2019-04-20 00:00:00,,,True
138,002230.SZ,科大讯飞,去年有分红，今年无预案无公告，预测分红情况,0.1263329348131475,0.05535543834987637,,,,,True
140,601577.SH,长沙银行,去年无分红，今年已有预案，预测派息日和股权登记日,0.28,0.030918042083823764,0.0,2019-03-25 00:00:00,,,True
142,600068.SH,葛洲坝,去年有分红，今年已有预案，预测派息日和股权登记日,0.18,0.14606290717630244,0.0,2019-03-30 00:00:00,,,True
143,600100.SH,同方股份,去年有分红，今年无预案无公告，预测分红情况,0,0,,,,,True
157,600011.SH,华能国际,去年有分红，今年已有预案，预测派息日和股权登记日,0.1,0.13727552765609638,0.0,2019-03-20 00:00:00,,,True
158,300408.SZ,三环集团,去年有分红，今年已有预案，预测派息日和股权登记日,0.25,0.0820919805803632,0.0,2019-04-20 00:00:00,,,True
161,601828.SH,美凯龙,去年有分红，今年已有预案，预测派息日和股权登记日,0.27,0.03500505894979334,0.0,2019-03-28 00:00:00,,,True
169,600219.SH,南山铝业,去年有分红，今年已有预案，预测派息日和股权登记日,0.05,0.10576047072746694,0.0,2019-04-17 00:00:00,,,True
182,002460.SZ,赣锋锂业,去年有分红，今年已有预案，预测派息日和股权登记日,0.3,0.07049185368851013,0.0,2019-03-29 00:00:00,,,True
184,603259.SH,药明康德,去年无分红，今年已有预案，预测派息日和股权登记日,0.58,0.05696541164664305,0.4,2019-03-23 00:00:00,,,True
189,600436.SH,片仔癀,去年有分红，今年已有预案，预测派息日和股权登记日,0.6,0.05360209665204947,0.0,2019-04-13 00:00:00,,,True
194,000627.SZ,天茂集团,去年有分红，今年无预案无公告，预测分红情况,0.008475461518085859,0.006072160486693473,,,,,True
202,601360.SH,三六零,去年有分红，今年已有预案，预测派息日和股权登记日,0.053,0.004177799078078208,0.0,2019-04-16 00:00:00,,,True
205,600998.SH,九州通,去年有分红，今年已有预案，预测派息日和股权登记日,0.1,0.02251057797559134,0.0,2019-04-26 00:00:00,,,True
208,002625.SZ,光启技术,去年有分红，今年无预案无公告，预测分红情况,0.01001440637796931,0.001328289857949992,,,,,True
218,601857.SH,中国石油,去年有分红，今年已有预案，预测派息日和股权登记日,0.09,0.394214447957796,0.0,2019-03-22 00:00:00,,,True
228,600297.SH,广汇汽车,去年有分红，今年已有预案，预测派息日和股权登记日,0.015,0.014866618998084797,0.0,2019-04-24 00:00:00,,,True
230,600519.SH,贵州茅台,去年有分红，今年已有预案，预测派息日和股权登记日,14.539,2.0963042606155438,0.0,2019-03-29 00:00:00,,,True
232,600547.SH,山东黄金,去年有分红，今年已有预案，预测派息日和股权登记日,0.1,0.023665136236585803,0.4,2019-03-29 00:00:00,,,True
234,002304.SZ,洋河股份,去年有分红，今年已有预案，预测派息日和股权登记日,3.2,0.565789507977638,0.0,2019-04-30 00:00:00,,,True
258,600516.SH,方大炭素,去年有分红，今年无预案无公告，预测分红情况,1.524540723095696,0.49827082466034184,,,,,True
265,600816.SH,安信信托,去年有分红，今年无预案无公告，预测分红情况,0,0,,,,,True
267,600340.SH,华夏幸福,去年有分红，今年已有预案，预测派息日和股权登记日,1.2,0.6226617733133836,0.0,2019-04-20 00:00:00,,,True
271,002252.SZ,上海莱士,去年有分红，今年无预案无公告，预测分红情况,0,0,,,,,True
291,300124.SZ,汇川技术,去年有分红，今年已有预案，预测派息日和股权登记日,0.2,0.06649510513299652,0.0,2019-04-16 00:00:00,,,True
295,600061.SH,国投资本,去年有分红，今年已有预案，预测派息日和股权登记日,0.081,0.03701194338047599,0.0,2019-03-29 00:00:00,,,True
297,603993.SH,洛阳钼业,去年有分红，今年已有预案，预测派息日和股权登记日,0.11,0.27634768762381495,0.0,2019-03-29 00:00:00,,,True
